{"logs": [6.652163839714808, 6.904881765533819, 5.46164387326978, 5.750747615936172, 4.722021980483174, 5.975883305891014, 6.190840962682086, 5.76212128386925, 6.6157837663311, 5.744831678741287], "behavior": [6, 7, 3, 5, 3], "review_text": "I'm uninstalling this immediately. The level of frustration this app causes is simply not worth the features."}