{"logs": [5.147144432155647, 6.745915399854935, 4.824230358988265, 4.202977648558322, 6.249537316713003, 6.9803215831588865, 6.39020365052288, 6.130496729598711, 6.965544369538521, 6.924471449855095], "behavior": [6, 7, 4, 3, 3], "review_text": "Total waste of time. The app froze during a critical task and I had to restart my phone to get it working again."}