{"logs": [1.7673030175454618, 3.334687145749017, 2.625760989862548, 1.6145987933648982, 1.8676323527761094, 2.8020279209276096, 3.4362922536986007, 1.9938608681671288, 3.1334537992839047, 2.351158487106976], "behavior": [2, 0, 1, 1, 2], "review_text": "The recent update fixed some bugs, but it also introduced a bit of lag that wasn't there before."}