{"logs": [2.0497752809182055, 2.0152049978695756, 2.24448694969219, 2.884758960128952, 2.3573801124518035, 2.857593293220133, 2.0766053369566606, 2.5839455769428676, 3.1230688732497915, 2.1932676484066063], "behavior": [1, 1, 2, 1, 2], "review_text": "The recent update fixed some bugs, but it also introduced a bit of lag that wasn't there before."}