{"logs": [6.847188101337306, 5.082345116376194, 4.332297581918909, 5.843819329533786, 4.142314434959572, 4.006410110003444, 5.165189584181379, 5.0678054605837755, 5.623171455992862, 4.175141170281279], "behavior": [5, 7, 4, 7, 5], "review_text": "The performance is abysmal. It feels like I'm running this on a ten-year-old phone even though I have a flagship."}