{"logs": [0.2954584602873708, 0.7684620183702833, 0.1497386041003222, 0.23843277528677842, 0.31857260106814556, 0.7457849819382308, 0.21033791728330403, 0.9096768996565114, 0.4875652277768493, 0.7055867595276026], "behavior": [0, 0, 0, 0, 0], "review_text": "Great job on the new checkout flow, it's much faster now and doesn't require unnecessary clicks."}