{"logs": [6.2957073354410795, 4.890709132266575, 5.354636709107725, 6.978436784557447, 4.607026168892469, 6.4134314353692, 6.069224607396891, 5.227512856910372, 5.229267710700569, 4.361295998630787], "behavior": [3, 5, 7, 8, 7], "review_text": "Worst app ever."}