{"logs": [3.4781546334195363, 3.1246947653914185, 2.4755588915186135, 2.137833555092698, 3.2870785412484773, 3.181235592705429, 1.6108430004501526, 2.183155707186443, 2.3118768357555393, 2.219104530012905], "behavior": [1, 1, 1, 0, 2], "review_text": "I like the features provided, but the loading times could definitely be improved in the next update."}