{"logs": [0.26532715571179466, 0.6579350007509289, 0.5426495521889468, 0.6825677912333349, 0.7352793045307531, 0.9903320632538613, 0.4557802870961901, 0.6169316793943603, 0.12916728919179124, 0.7133626149410349], "behavior": [0, 0, 0, 0, 0], "review_text": "This is hands down the best app in its category. The transitions are fluid and the design is very modern."}