{"logs": [5.632625418266871, 6.499930380606255, 4.207001198138279, 6.019755648931262, 5.747474288676136, 4.41078769141159, 6.23223834381189, 6.24507469057313, 5.374868100607933, 6.009493631937563], "behavior": [7, 5, 3, 5, 4], "review_text": "Worst app ever."}