{"logs": [2.6159108082412326, 3.1472210241809, 3.1758777554116113, 3.323903634346104, 1.6859318242118226, 2.36974068515049, 2.7632042791777787, 3.03772373310842, 1.6257876295194003, 2.3237488458771804], "behavior": [2, 2, 2, 2, 0], "review_text": "A decent effort, but I feel like some of the advanced features are hidden too deep in the settings."}