{"logs": [3.003353657925369, 1.936905406176835, 1.906407477219295, 1.5918057455860628, 1.8309364738364848, 2.851131463767718, 1.828684846069607, 1.6790264190609139, 3.2051755994238595, 3.2957403600389217], "behavior": [2, 1, 1, 0, 0], "review_text": "It gets the job done, though I noticed some minor stuttering when scrolling through long lists."}