{"logs": [2.652436197011286, 2.2358823154678102, 1.8958605406101532, 3.0702524429097213, 2.2085585374455583, 2.3984733279220967, 2.8305163738523094, 2.194888044246542, 2.9348906196473212, 1.9765283916847032], "behavior": [0, 0, 1, 1, 1], "review_text": "The app is decent for basic use, but I find the menu layout a bit confusing at times."}