{"logs": [6.377548925260345, 6.098227958625321, 4.129761107673175, 5.859593486330637, 6.210282536099906, 5.275166467107091, 5.936557093438269, 4.933156044971362, 4.510634880815653, 6.051008690984152], "behavior": [3, 5, 3, 3, 3], "review_text": "Avoid this app at all costs. It's slow, bloated, and crashes at least three times every hour."}