{"logs": [0.22183637917923804, 0.42484754279789305, 0.3122192614556487, 0.6539127313738984, 0.4064182525808986, 0.3261275663544004, 0.5117531585597342, 0.726921635078322, 0.24274723292891617, 0.8227353667152276], "behavior": [0, 0, 0, 0, 0], "review_text": "Great job on the new checkout flow, it's much faster now and doesn't require unnecessary clicks."}