{"logs": [0.3394573505214027, 0.6843821311577861, 0.6648248297337148, 0.8579984271484367, 0.42270765678239375, 0.6722568400025143, 0.8204318917283763, 0.16549848971279707, 0.16685985414466376, 0.7084450368153729], "behavior": [0, 0, 0, 1, 0], "review_text": "This app has completely changed how I manage my daily tasks; the UI is incredibly intuitive and snappy."}