{"logs": [2.82353512713057, 3.290691571602631, 3.472787738574168, 2.445905721776293, 1.9172159378079872, 2.5987390034267444, 3.2582523638405267, 3.027862375648189, 2.0745690213378225, 1.8000367126750023], "behavior": [2, 0, 2, 2, 1], "review_text": "I have mixed feelings; the core functionality is great but the secondary features feel half-baked."}