{"logs": [0.3539246077262539, 0.19443511299734323, 0.43668724456084695, 0.679740368052411, 0.5353238443473213, 0.8209609354655019, 0.9862961194593508, 0.43151840733859514, 0.77686726324596, 0.6980343461591597], "behavior": [0, 0, 0, 1, 0], "review_text": "Great job on the new checkout flow, it's much faster now and doesn't require unnecessary clicks."}