{"logs": [0.8015106642623286, 0.774188959262537, 0.8327221728904539, 0.8776285732005715, 0.11084790872262687, 0.37252618094321754, 0.17948795922934171, 0.22633476403593034, 0.5523523065966358, 0.6391689097680141], "behavior": [0, 0, 0, 1, 0], "review_text": "Super satisfied with the speed of this tool. It saves me at least twenty minutes of work every single day."}