{"logs": [4.9092198979617, 4.3255923568434325, 5.065342684869718, 4.8279571188434485, 5.186136723399135, 6.8375332788156316, 5.319116813363716, 4.90567263088298, 6.486146577962146, 6.0297331941871715], "behavior": [3, 5, 6, 6, 5], "review_text": "Nothing works! I've tried reinstalling three times but the crashing issue still persists on the home screen."}