{"logs": [0.8732858930748001, 0.8211766281998621, 0.7010435936231884, 0.6138392494953663, 0.5968590457052669, 0.13284518422803118, 0.7973494755077704, 0.8743444117480011, 0.8676290318895423, 0.7895983514865369], "behavior": [0, 0, 0, 0, 0], "review_text": "This is hands down the best app in its category. The transitions are fluid and the design is very modern."}