{"logs": [5.1812481831378605, 4.897204496567893, 4.470201335175303, 5.027145477847488, 6.587284654476292, 5.339133930683149, 5.485448439725989, 6.701006299152652, 6.196638528424888, 4.2517874565501685], "behavior": [5, 4, 7, 5, 8], "review_text": "Total waste of time. The app froze during a critical task and I had to restart my phone to get it working again."}