{"logs": [6.506718950881946, 5.352615559071159, 4.822509333828592, 4.871769256394756, 5.282085564243541, 4.8086101528569865, 5.030095021858493, 4.750643710564578, 6.464495776247001, 6.492640057900253], "behavior": [5, 3, 6, 4, 4], "review_text": "Worst app ever."}