{"logs": [4.760282853953562, 6.639353133109072, 5.514478249842285, 4.715711808185649, 5.158921047923823, 6.660197336657349, 6.366717925227308, 6.833348508966441, 4.09712585034132, 6.244709739561359], "behavior": [5, 7, 5, 4, 8], "review_text": "I am extremely disappointed. The app keeps crashing every time I try to open the main dashboard."}