{"logs": [1.5751044806265373, 3.4426294512147977, 2.482919436170785, 2.677181104457275, 2.3956085706231254, 2.758273956586568, 3.0529514810661764, 3.2773491139573108, 3.3311370543503465, 3.2059961331267934], "behavior": [2, 2, 1, 2, 1], "review_text": "The recent update fixed some bugs, but it also introduced a bit of lag that wasn't there before."}