{"logs": [2.135178764426781, 2.414288188225298, 3.0652462925797606, 2.267152344731146, 3.4974504532360386, 2.2827722223613423, 2.669192873324587, 3.24365874776539, 2.2384246718050758, 1.8251356332906314], "behavior": [2, 1, 0, 2, 0], "review_text": "Average."}