{"logs": [0.45349220973447235, 0.8302349047421995, 0.3060873001708509, 0.5272152347357241, 0.9256458406221886, 0.6627660126800204, 0.9206767464784936, 0.3998842806714219, 0.6810003986672079, 0.17154195247714532], "behavior": [0, 0, 0, 0, 0], "review_text": "Great job on the new checkout flow, it's much faster now and doesn't require unnecessary clicks."}