{"logs": [1.997969415586715, 2.3873768669509836, 1.6902232718266974, 1.857167362964255, 3.0377978163480392, 1.6788734717464402, 2.4537797962875167, 1.7575429374087108, 1.6603027571390843, 3.3963508585253424], "behavior": [1, 1, 0, 2, 1], "review_text": "Good app overall, but the notification system is a bit overwhelming and hard to customize."}