{"logs": [3.1885470918456518, 3.281804865770672, 1.8131173202023323, 1.8694518259174022, 2.776067434016801, 1.9311086490159854, 2.9864560015817947, 1.6444481854256177, 3.313196392820754, 2.6372823264093572], "behavior": [0, 0, 2, 1, 2], "review_text": "The interface is fine, but some of the buttons are a bit too small for easy tapping on my device."}