{"logs": [1.7349910903786925, 1.5721017223247031, 2.1013893087229434, 2.983067139081201, 2.373042342998814, 2.3537990044985815, 2.127178028334094, 3.2901701861491133, 3.1531682143962065, 3.3228807917271714], "behavior": [2, 2, 1, 1, 0], "review_text": "The app is decent for basic use, but I find the menu layout a bit confusing at times."}