{"logs": [2.9012422253549692, 2.9212012674678, 1.6655651409631245, 2.7937590657168183, 2.0508374597586068, 2.090964413122101, 2.1656087886725466, 2.275413468520936, 3.235002419717691, 2.204886124759909], "behavior": [2, 1, 0, 2, 1], "review_text": "It's okay."}