{"logs": [4.573712022454613, 6.804460273976828, 5.896056659309533, 5.364852647150986, 5.368595563093824, 4.295650440516345, 6.8204378580907346, 6.504966913490643, 6.76441178990865, 5.355156937811125], "behavior": [5, 6, 6, 3, 3], "review_text": "I'm tired of the 'Something went wrong' errors. Why can't this app just maintain a stable connection?"}