{"logs": [4.229086457086028, 4.309009696110908, 4.983898397782053, 6.77333052385662, 6.558850279422448, 4.711062142358723, 4.036795630387905, 6.400174043472606, 5.680273534801193, 5.435228920594074], "behavior": [7, 8, 3, 7, 5], "review_text": "This is unusable! The lag is so bad that it takes five seconds just to register a single button press."}