{"logs": [0.7442380895065162, 0.5395039608583435, 0.47983618547742735, 0.7465307602137757, 0.7868390911502345, 0.6509054067008251, 0.1814155555286109, 0.4674616604350267, 0.8555117280291916, 0.26245089678126476], "behavior": [0, 0, 0, 1, 0], "review_text": "Brilliant execution on the user interface; it's very accessible and everything is exactly where it should be."}