{"logs": [0.4202314166119455, 0.1318837224270929, 0.5309022477547791, 0.2836520607945786, 0.18992481024676838, 0.30421221215687727, 0.5504838746951782, 0.360959646507097, 0.3515411558897503, 0.9205211815884167], "behavior": [0, 0, 0, 0, 0], "review_text": "Everything works exactly as expected. It's refreshing to use a piece of software that just works perfectly."}