{"logs": [4.715621699362266, 5.476763605064287, 4.253072747493119, 5.3665933643352055, 5.077325064412588, 5.418537645236102, 6.387787240424837, 4.872450301924839, 4.394624759047714, 4.822542124706741], "behavior": [6, 4, 7, 8, 4], "review_text": "Nothing works! I've tried reinstalling three times but the crashing issue still persists on the home screen."}