{"logs": [0.6702496094172873, 0.6560062054349521, 0.9922923329641788, 0.36699268850171995, 0.35600612755664585, 0.9856993287863373, 0.663765201309775, 0.8954359791949634, 0.8643153776979113, 0.8149205637566326], "behavior": [0, 0, 0, 0, 0], "review_text": "Everything works exactly as expected. It's refreshing to use a piece of software that just works perfectly."}