{"logs": [6.496376362034733, 4.930792897545344, 5.689143693579338, 5.187663036709156, 4.38099592898359, 4.414800402329908, 5.5427317936873655, 5.558696586049878, 6.4183134966596045, 4.611654630583294], "behavior": [5, 7, 7, 8, 5], "review_text": "The navigation is a labyrinth. I spent ten minutes just trying to find the settings page. Terrible UX."}