{"logs": [0.35268779215827095, 0.8458722410743901, 0.8426712316096672, 0.8703909016760846, 0.648377023059794, 0.8405382492884002, 0.3059202590475897, 0.7794811281164001, 0.8111589740577779, 0.3003317984498528], "behavior": [0, 0, 0, 1, 0], "review_text": "Absolutely love the dark mode implementation! It's clear the developers put a lot of thought into the user experience."}