{"logs": [2.4545256783187845, 1.5899054159054988, 3.2504091970941316, 1.8104652606879792, 3.1016249308346078, 3.4378947889760383, 2.206388160389451, 2.4797952579125075, 2.1753761852351543, 3.3594401637511306], "behavior": [0, 2, 2, 2, 1], "review_text": "It's useful for what I need, but the navigation feels a little dated compared to other modern apps."}