{"logs": [2.129914810236486, 3.435975486678892, 2.3947332525820064, 2.4475373419236197, 2.6141205424760097, 3.288935010240425, 1.9052938326092415, 1.5779991242968392, 2.835846487905963, 2.8509666783608285], "behavior": [0, 2, 1, 0, 0], "review_text": "It's a solid app, but it crashed once when I was trying to upload a large file earlier today."}