{"logs": [5.512178019703541, 4.32698012002917, 4.91093195328323, 4.886842817767176, 6.876180427261687, 5.022993657108396, 4.1657001044952855, 5.741671269770465, 4.534580299540671, 6.1020255634633696], "behavior": [7, 7, 6, 7, 6], "review_text": "The UI is a disaster. I can't find anything and the constant loading spinners are driving me crazy."}