{"logs": [6.26985278219739, 5.4322039807069045, 5.52590769518021, 4.338068581484968, 4.443657459391204, 4.836906262093728, 4.326794626437273, 5.610171706966042, 5.002708912654835, 6.167202813160099], "behavior": [4, 7, 8, 3, 3], "review_text": "I'm uninstalling this immediately. The level of frustration this app causes is simply not worth the features."}