{"logs": [4.332457006689154, 4.7675316464096795, 4.2172582269109435, 5.449402959043496, 6.275102829827376, 6.261026370421295, 4.3981554816066435, 5.597009796923981, 4.622860226751644, 6.216403595492364], "behavior": [7, 3, 4, 4, 3], "review_text": "This is unusable! The lag is so bad that it takes five seconds just to register a single button press."}