{"logs": [5.759829650368273, 4.881069444638608, 6.878516848174561, 6.683974943281309, 6.139920872819912, 4.326412079485891, 6.158408282176665, 6.237550549263715, 4.414657130765602, 6.3784460295315135], "behavior": [3, 7, 5, 7, 5], "review_text": "Worst update ever. Everything was working fine until yesterday, now it's just a buggy mess."}