{"logs": [0.246583792256328, 0.8391517399222472, 0.5801353901555096, 0.3500009908128767, 0.9381313570968084, 0.25340368989881323, 0.8814253156372474, 0.6327678168170239, 0.6473395005501447, 0.9952712548422553], "behavior": [0, 0, 0, 1, 0], "review_text": "Amazing UI."}