{"logs": [4.722247431656217, 6.976969454087247, 5.055379093560745, 5.522480606440034, 4.177815597907581, 4.161070785067939, 4.0117140612527, 5.334264851123182, 5.3184204424449435, 6.5982911559732305], "behavior": [4, 8, 8, 5, 3], "review_text": "I keep clicking buttons and nothing happens. It's like the app isn't even registering my inputs correctly."}