{"logs": [3.363449256334867, 3.0394411117544164, 1.9766131795330044, 1.7644871093807393, 2.4516912558924666, 3.3977143706358914, 1.951847634131201, 2.741983970277097, 3.144448883842408, 3.376473158940162], "behavior": [0, 2, 0, 1, 2], "review_text": "It's a solid app, but it crashed once when I was trying to upload a large file earlier today."}