{"logs": [2.1005369375920844, 1.6083371059365732, 1.9000847943568038, 2.8610280545493607, 3.442628499397742, 2.5194712863745696, 2.7259035051913423, 2.4907231533729277, 3.3763617298829525, 2.328154306807045], "behavior": [2, 0, 1, 2, 2], "review_text": "I'm satisfied for now, but I hope they fix the occasional freezing that happens on the home screen."}