{"logs": [1.6258811639685504, 3.2178329099186342, 1.554225911656404, 2.6473833669647218, 2.220165678382195, 2.3167048423504055, 3.2302906321189777, 2.7021399349368034, 2.9665231829748775, 3.130908004743026], "behavior": [1, 1, 2, 2, 2], "review_text": "The recent update fixed some bugs, but it also introduced a bit of lag that wasn't there before."}