{"logs": [0.4020123023497948, 0.23411807034098628, 0.7230795685133211, 0.3172207195836021, 0.34360638923922365, 0.845771117532654, 0.7851326785383506, 0.628598491839409, 0.357065439368663, 0.1302344215010334], "behavior": [0, 0, 0, 1, 0], "review_text": "Absolutely love the dark mode implementation! It's clear the developers put a lot of thought into the user experience."}