{"logs": [0.8635727581110345, 0.4856825812852681, 0.6448279797825921, 0.7273484113607034, 0.2525133542044468, 0.350823779229377, 0.5180122799968316, 0.18166018767894737, 0.3063456060847143, 0.6990147213876532], "behavior": [0, 0, 0, 0, 0], "review_text": "This app has completely changed how I manage my daily tasks; the UI is incredibly intuitive and snappy."}