{"logs": [1.8142968960588, 1.7862755761605933, 2.0074716797126113, 2.352433378301667, 1.9434558398485722, 3.015111053576957, 3.3130857507787264, 2.401529703582726, 1.8613338415851233, 1.9265165769928787], "behavior": [2, 2, 0, 0, 2], "review_text": "A decent effort, but I feel like some of the advanced features are hidden too deep in the settings."}