{"logs": [4.2928968187709895, 5.30793434951388, 6.5070880840343825, 6.693159207421553, 6.818466795989005, 5.11697081176398, 4.350054724805181, 4.806498381318637, 5.412816669889873, 6.951189800552506], "behavior": [3, 7, 4, 7, 8], "review_text": "I keep clicking buttons and nothing happens. It's like the app isn't even registering my inputs correctly."}