{"logs": [2.610471920206198, 1.872522500476343, 2.312733992980652, 2.296388801479007, 1.9467653384451602, 1.9971714569641075, 1.871406876153791, 1.7616623095873234, 2.22767366024907, 2.938281927151209], "behavior": [0, 2, 2, 1, 0], "review_text": "Average."}