{"logs": [4.044402402158221, 5.061184593208694, 6.751917869198454, 5.052172723574816, 4.825723068845029, 6.283524871685534, 4.770615952076195, 6.990472065517519, 6.852351099297358, 5.995281693442156], "behavior": [3, 7, 3, 5, 8], "review_text": "The UI is a disaster. I can't find anything and the constant loading spinners are driving me crazy."}