{"logs": [2.6158884200803367, 2.924733978778809, 2.021032005114023, 2.2440806306153642, 1.9051841211285774, 1.5510471061685749, 2.696900144451198, 2.360018246171502, 1.6834750498238624, 3.277400127554785], "behavior": [1, 1, 0, 0, 0], "review_text": "Good app overall, but the notification system is a bit overwhelming and hard to customize."}