{"logs": [2.0679505602564765, 3.2924873472111607, 2.7398692623451195, 3.412918431440224, 1.9616846128980494, 2.605990357614473, 2.6211260908558285, 3.426006937793349, 3.0241813609873303, 3.1126250024836897], "behavior": [0, 0, 0, 2, 0], "review_text": "I like the features provided, but the loading times could definitely be improved in the next update."}