{"logs": [0.7114738823096685, 0.6641584133430587, 0.3100028759200408, 0.14570903863118875, 0.6462888425065209, 0.808937937015482, 0.8496419142297144, 0.9641820599654738, 0.5070058905246495, 0.2461307523252673], "behavior": [0, 0, 0, 0, 0], "review_text": "Amazing UI."}