{"logs": [5.005039139405733, 4.905084078810518, 5.57556163818825, 6.262605341535576, 4.725377780992752, 4.916799294713021, 5.91186201367965, 6.067266916138685, 5.643421919126452, 4.7081985496329075], "behavior": [6, 4, 4, 6, 6], "review_text": "I am extremely disappointed. The app keeps crashing every time I try to open the main dashboard."}