{"logs": [4.620739632060023, 5.860836201962416, 4.970284686239569, 4.549304548096498, 6.941799705486351, 4.826720601588296, 5.8580673665284815, 5.957632025501162, 6.350084600831158, 5.3795047003405445], "behavior": [3, 6, 3, 3, 7], "review_text": "I keep clicking buttons and nothing happens. It's like the app isn't even registering my inputs correctly."}