{"logs": [0.28792055364672575, 0.21488635655363725, 0.17193601828112698, 0.5966845368393768, 0.8807731220713665, 0.9857922288576055, 0.9584242860173433, 0.16810203191638334, 0.6138643331865979, 0.882316563005023], "behavior": [0, 0, 0, 0, 0], "review_text": "Finally an app that doesn't drain my battery while providing such a smooth and responsive interface!"}