{"logs": [1.5562393033655153, 2.899933993341504, 2.2022054615759714, 2.998523591030998, 1.5405570732937723, 2.832469824956881, 1.7181495470842856, 2.20854654581282, 3.4926549992428004, 2.133810698380625], "behavior": [1, 0, 0, 2, 0], "review_text": "It's fine for occasional use, but I wouldn't rely on it for anything mission-critical just yet."}