{"logs": [2.923300760726815, 1.9852342308479167, 2.751562557679653, 1.9932390389250108, 1.9850114264050742, 3.0015661877008672, 2.0014922403864537, 2.5781894670096306, 2.9567643667285664, 2.84888237543963], "behavior": [2, 2, 0, 1, 2], "review_text": "A few glitches but works."}