{"logs": [5.41432313891257, 6.182333581527503, 5.517205251842955, 5.618301046198429, 4.138006567469012, 4.136569161517535, 4.292570765194954, 6.611497072538217, 4.202077579533256, 6.230056849771376], "behavior": [3, 7, 3, 6, 4], "review_text": "The constant stuttering and visual glitches make the app feel very cheap and poorly developed."}