{"logs": [5.346068599430003, 5.87946890904068, 6.976069702317558, 5.792575442613394, 4.023053614799995, 4.487957105015745, 4.106486324345453, 4.013199846722627, 4.558884513508323, 4.709848565494966], "behavior": [7, 5, 3, 4, 4], "review_text": "The performance is abysmal. It feels like I'm running this on a ten-year-old phone even though I have a flagship."}