{"logs": [1.9025763809679446, 1.7797608836401613, 2.0014535970843967, 2.2078570323164572, 1.6300334353324129, 3.4719254919125095, 2.443828550568618, 1.8014113560916818, 1.9871407213619832, 2.121285299259834], "behavior": [1, 0, 1, 0, 1], "review_text": "I'm satisfied for now, but I hope they fix the occasional freezing that happens on the home screen."}