{"logs": [2.9788381477255443, 3.3279153504661174, 2.0273879375064716, 2.302951863511839, 3.2062146503908924, 2.1978410302016465, 2.858919965481539, 2.044854435139541, 2.6843396339480616, 2.268550481134689], "behavior": [0, 0, 1, 0, 2], "review_text": "It's a solid app, but it crashed once when I was trying to upload a large file earlier today."}