{"logs": [1.6290946825623391, 2.236619312468007, 1.8994693439570776, 2.024635001426825, 3.1505187140150452, 1.9529774064614454, 2.394669875465551, 3.1424004485747483, 3.0499962069135647, 3.1595597059590577], "behavior": [1, 2, 1, 2, 2], "review_text": "The interface is fine, but some of the buttons are a bit too small for easy tapping on my device."}