{"logs": [6.313088190720024, 6.9294747666687595, 5.096600266424791, 5.1510900926345835, 6.226037068217842, 4.971345712789411, 4.558982412776698, 4.730137649656552, 6.312543317063492, 4.081564938117258], "behavior": [5, 4, 7, 3, 3], "review_text": "The UI is a disaster. I can't find anything and the constant loading spinners are driving me crazy."}