{"logs": [4.493512153212199, 5.994839936851212, 6.285582180799269, 6.374556743825661, 5.568367603570625, 5.417979644382636, 4.039338474576081, 4.379281255633523, 5.115268426493789, 6.556111742963525], "behavior": [8, 4, 3, 5, 3], "review_text": "I've lost my data twice now because the app closed unexpectedly. I would not recommend this to anyone."}