{"logs": [4.1877716900826725, 6.381968803921989, 6.2872310819425135, 6.193994847349777, 5.015552662653009, 5.758874253837042, 5.625373788639357, 6.58352892982927, 5.1963484153733495, 6.308347638362704], "behavior": [5, 4, 7, 8, 7], "review_text": "I am extremely disappointed. The app keeps crashing every time I try to open the main dashboard."}