{"logs": [4.685204940900658, 5.284958200944755, 4.082072800737627, 5.02470346558654, 5.939634575581333, 6.619783676646417, 4.241943608731277, 5.481478742425857, 5.293819779839794, 4.55148268389916], "behavior": [8, 4, 6, 8, 7], "review_text": "The navigation is a labyrinth. I spent ten minutes just trying to find the settings page. Terrible UX."}