{"logs": [0.4910693209755278, 0.8273215904860243, 0.6546425750070577, 0.9033117963743786, 0.7193278667355585, 0.7637365149943075, 0.4629472168199853, 0.44111162658664804, 0.674530587436593, 0.792930395243242], "behavior": [0, 0, 0, 1, 0], "review_text": "Great job on the new checkout flow, it's much faster now and doesn't require unnecessary clicks."}