{"logs": [4.132346752698348, 5.887405511495875, 6.387975095609722, 5.951412817548983, 4.396498323933943, 5.81990157443675, 5.357543773280145, 5.422803520002126, 5.958534117060491, 5.61604506138552], "behavior": [8, 8, 8, 6, 7], "review_text": "The constant stuttering and visual glitches make the app feel very cheap and poorly developed."}