{"logs": [4.257362695903316, 5.630053707391907, 6.84994783262767, 6.213387710228517, 6.493232756358548, 4.104455546190649, 5.599874952377096, 6.305554539467744, 4.373523192177884, 6.416707377775647], "behavior": [7, 6, 5, 4, 3], "review_text": "I've lost my data twice now because the app closed unexpectedly. I would not recommend this to anyone."}