{"logs": [2.171377720572015, 2.9693468962021345, 3.259522392037553, 3.304427066702347, 2.544291623672243, 3.168179739919565, 3.240704455700005, 2.1082160384651942, 2.5198421017638037, 1.6688953942593086], "behavior": [2, 1, 1, 1, 0], "review_text": "I like the features provided, but the loading times could definitely be improved in the next update."}