{"logs": [2.6276798572880575, 1.6795990822401476, 2.8310139435496207, 2.691477148579258, 3.0058224287042377, 1.7979573004061458, 3.0065674427644273, 1.7041035517228784, 2.111296503122303, 2.9701411270326816], "behavior": [0, 0, 2, 1, 1], "review_text": "The app performs okay most of the time, though it occasionally feels a bit sluggish under heavy use."}