{"logs": [0.7796354905190763, 0.44500969556630154, 0.5164030021925264, 0.8154719810404031, 0.9994594748904132, 0.2024496377601277, 0.21068463389692485, 0.31511909082010886, 0.48737364953885176, 0.1604739778579676], "behavior": [0, 0, 0, 1, 0], "review_text": "Absolutely love the dark mode implementation! It's clear the developers put a lot of thought into the user experience."}