{"logs": [3.253792694713325, 2.885117936387944, 2.454755204144897, 3.0643983823865715, 2.085375966592344, 3.404252858155428, 2.5719007770914466, 3.4492843635861936, 1.7938708540989299, 1.9846589871747284], "behavior": [2, 0, 1, 1, 0], "review_text": "It gets the job done, though I noticed some minor stuttering when scrolling through long lists."}