{"logs": [3.273151487395269, 1.834473159037609, 2.197042595003201, 2.6037807026623385, 1.8068171920577927, 2.7838651978291318, 2.195758287174903, 3.090565483269855, 1.955971356715639, 2.863658504643502], "behavior": [2, 0, 2, 2, 0], "review_text": "An average experience overall. It works well enough, but there isn't anything particularly special about it."}