{"logs": [5.2428883765991365, 4.615525727990738, 6.77740636261881, 4.131699707470187, 6.288471403054781, 5.876213467042173, 6.621457022524427, 4.760525474865949, 6.5206279693240425, 4.741497115878824], "behavior": [8, 8, 8, 3, 3], "review_text": "Avoid this app at all costs. It's slow, bloated, and crashes at least three times every hour."}