{"logs": [1.5720987859706186, 1.7921599078449313, 2.760085872882975, 3.178640336980547, 1.6356008761541938, 2.6080894116954383, 1.8765812153969783, 1.784857063993058, 2.2024744646237777, 2.766836608629737], "behavior": [2, 0, 0, 0, 2], "review_text": "It's a solid app, but it crashed once when I was trying to upload a large file earlier today."}