{"logs": [4.417266634933711, 6.610388152943511, 6.500585628845905, 5.958854206027, 6.698498034696488, 4.4357097120006275, 4.7149987153623885, 6.020084702796305, 5.2715065916406285, 6.158152757217458], "behavior": [4, 5, 6, 7, 5], "review_text": "I'm uninstalling this immediately. The level of frustration this app causes is simply not worth the features."}