{"logs": [1.8820435348720044, 2.461905841375266, 2.550517525497619, 3.4130994673373776, 2.645290246172178, 3.176555024661746, 3.144793810419309, 3.152649513137276, 3.3906115174779012, 3.479792912266157], "behavior": [0, 1, 1, 0, 0], "review_text": "The app performs okay most of the time, though it occasionally feels a bit sluggish under heavy use."}