{"logs": [1.8677342637471808, 1.7509209709189517, 2.4052177032870956, 2.4854858090822667, 3.0206641077358514, 2.6248445219923027, 2.3824265500522346, 2.682562610908354, 1.7376566806690545, 2.123052721495353], "behavior": [0, 1, 0, 0, 1], "review_text": "I like the features provided, but the loading times could definitely be improved in the next update."}