{"logs": [2.2920432321893336, 1.8784077473881649, 2.7466714651008637, 3.2781087847131953, 2.1772489570953306, 2.4242140791780633, 1.7918595444686694, 2.505468589191147, 2.2601430475442212, 3.221375614575926], "behavior": [1, 2, 1, 2, 2], "review_text": "It's a solid app, but it crashed once when I was trying to upload a large file earlier today."}