{"logs": [0.8679878615694985, 0.5408726067898302, 0.3114812259227308, 0.22011265472721048, 0.5802622317246474, 0.7599633975532332, 0.9968873428304394, 0.8516681349437633, 0.8872873487340683, 0.29222711168080795], "behavior": [0, 0, 0, 1, 0], "review_text": "Everything works exactly as expected. It's refreshing to use a piece of software that just works perfectly."}