{"logs": [0.2873521992115944, 0.4997811960096473, 0.46387779850688327, 0.24632392753724297, 0.3332907424549302, 0.974646557288394, 0.5907324606765199, 0.5534397170354003, 0.7730192141025211, 0.4244219510115841], "behavior": [0, 0, 0, 0, 0], "review_text": "Amazing UI."}