{"logs": [2.840982619006116, 2.819779702516011, 1.6517786598644841, 2.767405598467314, 2.265497826476357, 2.8123715298337855, 2.975506884945916, 2.8922849023187833, 3.1349274641068483, 1.687876307139444], "behavior": [2, 1, 0, 1, 0], "review_text": "It gets the job done, though I noticed some minor stuttering when scrolling through long lists."}