{"logs": [2.914307268509602, 2.581968671293006, 2.6589564631776845, 2.6865965787603967, 2.3109948192506744, 2.662490166228782, 2.4805070400349876, 3.2497132201719428, 2.0652366539068794, 1.6143791268312127], "behavior": [0, 2, 1, 1, 2], "review_text": "An average experience overall. It works well enough, but there isn't anything particularly special about it."}