{"logs": [0.6935486721721839, 0.22107097186493102, 0.8074613974049771, 0.5177153048584391, 0.6507220673103852, 0.5966812087440071, 0.18569214304909643, 0.2065147454467499, 0.6740917002962634, 0.7739283266537745], "behavior": [0, 0, 0, 1, 0], "review_text": "I've recommended this to all my colleagues. The reliability and clean aesthetic are simply unmatched."}