{"logs": [3.22814108644719, 2.462804489842082, 3.4083806495219218, 3.466909110250076, 2.6655005682201693, 1.813835344022734, 2.3647814254475885, 2.7961282950545923, 2.2478711201747883, 1.6397115166604668], "behavior": [0, 2, 2, 1, 0], "review_text": "The app is okay, but I've seen better designs elsewhere. It's functional but lacks that 'wow' factor."}