{"logs": [2.124116335735633, 3.202851223202269, 2.5682757673192205, 2.420496035301958, 1.730061505454475, 2.6945730203725295, 3.0707537773445415, 1.646205461275452, 3.0884795956105107, 2.735285087082416], "behavior": [2, 2, 0, 0, 2], "review_text": "I'm satisfied for now, but I hope they fix the occasional freezing that happens on the home screen."}