{"logs": [6.887853335025673, 5.822929703940687, 6.446155645324879, 5.01188277056194, 4.1970316840607715, 5.274319454669025, 6.4107908277949495, 5.595636452110566, 6.672175312886694, 6.754075813093561], "behavior": [8, 7, 3, 7, 6], "review_text": "The navigation is a labyrinth. I spent ten minutes just trying to find the settings page. Terrible UX."}