{"logs": [2.7765530245310526, 2.576124072556495, 2.0305037104217973, 2.532112170070536, 2.8365625577279596, 1.7492033012633788, 1.8457588171747745, 3.4706004824547723, 3.2660982233591422, 3.19025442174566], "behavior": [1, 0, 2, 0, 1], "review_text": "The app is okay, but I've seen better designs elsewhere. It's functional but lacks that 'wow' factor."}