{"logs": [4.435080705050809, 4.503523911495084, 4.143169143400953, 4.734807058798539, 5.998800177498852, 5.072864016566909, 5.671504981991939, 4.944144815020258, 4.174744758960969, 5.418501782464696], "behavior": [5, 7, 7, 8, 6], "review_text": "The performance is abysmal. It feels like I'm running this on a ten-year-old phone even though I have a flagship."}