{"logs": [2.4841115629891615, 2.0158791586755416, 2.8522886345684837, 3.4732082823211865, 3.3335681134569164, 2.1376296850682057, 1.6851907509447437, 2.6593443585468055, 1.8112148196272355, 2.527865048738529], "behavior": [2, 1, 1, 2, 1], "review_text": "The recent update fixed some bugs, but it also introduced a bit of lag that wasn't there before."}