{"logs": [1.9585908070441331, 1.8148489488384902, 2.414149375470328, 2.416209281016281, 1.9549341534315952, 2.347007724170603, 2.867518263759562, 1.5247703037821208, 1.74681201311564, 1.8852828811036906], "behavior": [1, 2, 2, 1, 1], "review_text": "It's useful for what I need, but the navigation feels a little dated compared to other modern apps."}