{"logs": [4.707504906833274, 6.4684978073054, 4.276864651482226, 4.776679368312057, 4.812063094945711, 4.479693463265495, 5.012444902661011, 5.076628765944049, 6.499765733404747, 6.57756623584341], "behavior": [8, 8, 8, 4, 6], "review_text": "Avoid this app at all costs. It's slow, bloated, and crashes at least three times every hour."}