{"logs": [0.8272569417034873, 0.6237341126682417, 0.5921676834430379, 0.29718786112635387, 0.8674181146659115, 0.9260125372981615, 0.9451711341343322, 0.7794382444913796, 0.9612280659123212, 0.16548413530061296], "behavior": [0, 0, 0, 0, 0], "review_text": "Very fast."}