{"logs": [5.958695128689849, 4.824358762656871, 4.718171088302834, 5.155883241064294, 6.8744257143430785, 5.060065407126508, 5.801615909472806, 6.019727344686638, 5.77005995773852, 6.218761067540155], "behavior": [5, 4, 4, 5, 3], "review_text": "The constant stuttering and visual glitches make the app feel very cheap and poorly developed."}