{"logs": [2.3869455266657154, 2.845839624775203, 2.051237866197207, 1.8227728419896954, 2.15293505428531, 2.6910664923048486, 2.762100349318124, 2.243171572728026, 2.054806661280917, 1.757138580150248], "behavior": [0, 1, 0, 0, 0], "review_text": "The app performs okay most of the time, though it occasionally feels a bit sluggish under heavy use."}