{"logs": [0.7263451260794388, 0.4636324001811182, 0.38612166157121064, 0.615859389406099, 0.9931081992473038, 0.7237915836519121, 0.7246008811799148, 0.38535857922903094, 0.5992395631664612, 0.9713865029280968], "behavior": [0, 0, 0, 0, 0], "review_text": "Super satisfied with the speed of this tool. It saves me at least twenty minutes of work every single day."}