{"logs": [0.43380080883703176, 0.1345301416750455, 0.815520658919898, 0.43676546476049494, 0.8508063911551458, 0.8523200797255267, 0.6608385090305599, 0.8937150643994642, 0.7418564628702874, 0.10456854036996903], "behavior": [0, 0, 0, 1, 0], "review_text": "The haptic feedback and loading animations make the whole experience feel premium and high-end."}