{"logs": [5.4722150002911505, 4.483259128954972, 5.948583245183509, 4.908101205399036, 6.536791460076335, 5.395100170389819, 6.157957999685597, 5.015772879853452, 5.375227298564346, 6.974467559282335], "behavior": [7, 4, 7, 6, 6], "review_text": "The performance is abysmal. It feels like I'm running this on a ten-year-old phone even though I have a flagship."}