{"logs": [3.0245798318851627, 1.9533098847615913, 1.8826635462291603, 2.138793052817824, 1.935894049204425, 1.5983566632138901, 2.8151625716665283, 3.0857468772236603, 1.6134391760607605, 1.9923170444668394], "behavior": [1, 1, 1, 0, 2], "review_text": "The interface is fine, but some of the buttons are a bit too small for easy tapping on my device."}