{"logs": [1.9775882343972389, 1.7089602859553648, 3.1711428499462246, 1.8119420355510476, 2.1739522606913866, 2.070861458672218, 3.0622916597566308, 2.1779957399366046, 2.2741328213916754, 1.7911898294082655], "behavior": [2, 2, 0, 2, 1], "review_text": "It's a solid app, but it crashed once when I was trying to upload a large file earlier today."}