{"logs": [3.2620333110712973, 2.4489093925848144, 2.453520141529218, 1.9531982015765665, 2.0713056329274515, 2.547415433466636, 2.384604577235424, 3.4982220410814113, 1.6592416204976659, 2.8815080837460743], "behavior": [0, 0, 1, 1, 1], "review_text": "The app performs okay most of the time, though it occasionally feels a bit sluggish under heavy use."}