{"logs": [2.1461552684089407, 1.7595588956747679, 2.6978894694871896, 3.191967741998859, 2.9935820830875466, 3.484462363787017, 3.114447666725204, 2.9137377832000784, 2.8298531978603467, 1.9584645499966828], "behavior": [2, 0, 0, 2, 0], "review_text": "An average experience overall. It works well enough, but there isn't anything particularly special about it."}