{"logs": [0.23137894440675238, 0.8241007807957651, 0.5877767501539386, 0.2627275040406347, 0.4200524493344121, 0.4867946570267583, 0.1648764426809184, 0.998408149398119, 0.44937913313139555, 0.31318984716656506], "behavior": [0, 0, 0, 0, 0], "review_text": "Five stars! It's rare to find an app that is both feature-rich and this easy to navigate without a tutorial."}