{"logs": [6.334902755015219, 4.1204446406983415, 6.773205986951025, 6.873776214036212, 4.337189677352096, 6.971337535676442, 4.332371725799097, 6.083377225156699, 6.321472715527519, 4.223652489996418], "behavior": [4, 5, 8, 5, 3], "review_text": "I'm tired of the 'Something went wrong' errors. Why can't this app just maintain a stable connection?"}