{"logs": [1.9149355426675077, 2.533933272057215, 3.4014785475458282, 2.950343024042784, 2.653756464946026, 2.94968206731355, 2.6966487418388807, 1.8721138311137207, 2.9632124772833173, 2.6389569163821687], "behavior": [1, 0, 0, 0, 1], "review_text": "The app is decent for basic use, but I find the menu layout a bit confusing at times."}