{"logs": [5.499889681451226, 5.546221787052136, 5.777251567363095, 6.648879813893755, 4.6457609474803, 6.884700931028124, 5.754633034069101, 5.367638343352176, 5.992014658772558, 4.83922129423389], "behavior": [5, 6, 8, 3, 3], "review_text": "I keep clicking buttons and nothing happens. It's like the app isn't even registering my inputs correctly."}