{"logs": [5.3812548044496715, 6.811072543759218, 4.775574344804907, 5.95743911947767, 5.019286984824395, 5.268160990021793, 6.359596786677346, 6.282422832366889, 5.472861096744856, 5.108842882396879], "behavior": [4, 7, 3, 7, 3], "review_text": "I'm tired of the 'Something went wrong' errors. Why can't this app just maintain a stable connection?"}