{"logs": [3.0778093818262384, 2.3976289630832923, 2.1966712862595297, 3.4042005749977307, 3.4787421959868867, 2.9833656953397805, 2.880183171440768, 2.846188274004162, 2.4053317667569156, 2.382882571040107], "behavior": [0, 2, 1, 1, 0], "review_text": "It's a solid app, but it crashed once when I was trying to upload a large file earlier today."}