{"logs": [6.80158303832151, 6.907331103137268, 4.5496113141022745, 5.939505305689808, 5.300452837066392, 6.504791749575768, 4.260407118789841, 4.193010328014023, 4.837451364682431, 5.5948273971657825], "behavior": [7, 3, 8, 3, 5], "review_text": "I'm tired of the 'Something went wrong' errors. Why can't this app just maintain a stable connection?"}