{"logs": [1.5080080064126395, 2.524248443385485, 2.3176455511667364, 3.194221546449529, 1.8912302745729876, 2.0115348052765643, 3.462395656450142, 2.7831581597227255, 1.9947906062927345, 3.1202314077734368], "behavior": [0, 0, 1, 0, 0], "review_text": "Good app overall, but the notification system is a bit overwhelming and hard to customize."}