{"logs": [0.7154472324320945, 0.143666529982391, 0.3480026582295292, 0.4922521201152258, 0.2561695326958022, 0.9189994514160482, 0.3264195699856105, 0.1845964730055556, 0.8826311213205124, 0.7026148097395998], "behavior": [0, 0, 0, 1, 0], "review_text": "Everything works exactly as expected. It's refreshing to use a piece of software that just works perfectly."}