{"logs": [2.0987766471296485, 1.7729106837122677, 2.6501210028560593, 2.4464075125494524, 1.5903010990732547, 2.1919730175273706, 2.4419779466465616, 3.4604199270510225, 3.0313612034289825, 2.1590490874284374], "behavior": [1, 1, 2, 0, 0], "review_text": "The app is decent for basic use, but I find the menu layout a bit confusing at times."}