{"logs": [1.5648902140868413, 3.3294960545477084, 3.271020517034481, 2.7641576811278585, 1.6056461831471878, 3.3454328755640743, 1.8374532168263658, 1.5899218873603198, 2.844267792755228, 2.098290785459678], "behavior": [1, 0, 2, 1, 2], "review_text": "Average."}