{"logs": [2.665883466207971, 1.5053960350823155, 3.4245424811536487, 2.167560863831942, 3.322686238931545, 3.2604178792602307, 3.116524228587983, 3.438533318508644, 2.986391624548241, 2.273107048957897], "behavior": [0, 1, 2, 0, 0], "review_text": "I'm satisfied for now, but I hope they fix the occasional freezing that happens on the home screen."}