{"logs": [3.272232675625788, 1.6906174522507402, 2.3756988115829722, 2.2976520096126523, 2.941786575083361, 1.6963739350635663, 2.413852814683529, 2.6953117448740604, 2.2919254810038723, 3.4389238005225193], "behavior": [2, 1, 1, 0, 1], "review_text": "The app is decent for basic use, but I find the menu layout a bit confusing at times."}