{"logs": [3.173311525812962, 2.6773823592366597, 1.7854582203399274, 2.1279298735177887, 2.773447090702067, 2.289974997427662, 1.707979495481465, 2.6350023428632854, 1.9904343500824604, 2.320209279791851], "behavior": [2, 2, 1, 2, 2], "review_text": "The recent update fixed some bugs, but it also introduced a bit of lag that wasn't there before."}