{"logs": [0.3114354076468964, 0.36268348324718314, 0.19482808373060068, 0.3255804069738186, 0.9345546106821163, 0.3851499637978716, 0.24289373481012544, 0.36979041648667865, 0.9948984068397786, 0.8316263107411357], "behavior": [0, 0, 0, 0, 0], "review_text": "Very fast."}