{"logs": [0.946908540509654, 0.9756527261656759, 0.8444516495774502, 0.6444994121642367, 0.48156926432169356, 0.5340274021709245, 0.5284774759561938, 0.11101090376987972, 0.41703371581488236, 0.7378544959583163], "behavior": [0, 0, 0, 1, 0], "review_text": "I love how the app anticipates what I need next; the predictive features are actually helpful for once."}