{"logs": [6.000376524257991, 6.904717928827298, 5.61312169675192, 4.721143332384651, 4.170105334357748, 4.3520715382763715, 5.241326222647596, 5.032392678274178, 4.481489595681866, 6.879693394516439], "behavior": [5, 6, 8, 6, 5], "review_text": "Worst update ever. Everything was working fine until yesterday, now it's just a buggy mess."}