{"logs": [0.5573639787174413, 0.9124179473488573, 0.14005059520541796, 0.6847464394453054, 0.7712910312691489, 0.8005656886947196, 0.44124380672758157, 0.5632559384557231, 0.44123827946293925, 0.45189456039298526], "behavior": [0, 0, 0, 1, 0], "review_text": "The integration with my other services is seamless. I didn't hit a single roadblock during the setup phase."}