{"logs": [2.4383382273020446, 2.6017335219599653, 2.009972160797801, 1.580501882727835, 2.0424434229064476, 2.7841301842287174, 2.417525269878369, 2.14895794512222, 1.6156611020832217, 2.613209341798744], "behavior": [2, 1, 1, 0, 1], "review_text": "An average experience overall. It works well enough, but there isn't anything particularly special about it."}