{"logs": [0.18362968784212727, 0.5800404759818962, 0.3203962532958578, 0.12101740423022639, 0.1802859077992064, 0.7350728771198748, 0.6125092981322516, 0.9623768842856855, 0.1964958840661178, 0.3437245557217633], "behavior": [0, 0, 0, 0, 0], "review_text": "Five stars! It's rare to find an app that is both feature-rich and this easy to navigate without a tutorial."}