{"logs": [0.30231992576311695, 0.1408360259133545, 0.3499977883223713, 0.27430953845134226, 0.5932676660520135, 0.6926778848665078, 0.22824938819241178, 0.1501995764390872, 0.5522733037301817, 0.1118192503252803], "behavior": [0, 0, 0, 0, 0], "review_text": "The performance is rock solid. I haven't experienced a single lag spike since I started using it last week."}