{"logs": [0.6602815371794112, 0.9964617354719905, 0.7744283383202571, 0.3161398043703756, 0.9951007970719987, 0.47553193346784395, 0.274201939534634, 0.5808768252721094, 0.3157986563321069, 0.23632431598482762], "behavior": [0, 0, 0, 1, 0], "review_text": "This app has completely changed how I manage my daily tasks; the UI is incredibly intuitive and snappy."}