{"logs": [2.7030150990370236, 3.217006810843914, 2.4356147833243993, 3.384868690985969, 1.8839312697820962, 3.4180397204263953, 2.733185611015025, 1.880714603468569, 1.9128812973294067, 2.5495234246366008], "behavior": [0, 2, 1, 2, 2], "review_text": "It's a solid app, but it crashed once when I was trying to upload a large file earlier today."}