{"logs": [0.17808654214328334, 0.7885099185488622, 0.39176408362151305, 0.42279404930958486, 0.7864694980517591, 0.7060141714110314, 0.6074658894038996, 0.4969331248437858, 0.4858813331712526, 0.3557359183211547], "behavior": [0, 0, 0, 1, 0], "review_text": "Great job on the new checkout flow, it's much faster now and doesn't require unnecessary clicks."}