{"logs": [5.2629148075306595, 6.304232522756633, 4.6912380585232585, 4.702736210699466, 5.548062701790566, 4.636856694148101, 4.4703250005261275, 6.174604801604986, 5.8350968585119425, 5.949688894858109], "behavior": [6, 5, 7, 7, 8], "review_text": "The performance is abysmal. It feels like I'm running this on a ten-year-old phone even though I have a flagship."}