{"logs": [2.0625236039801127, 2.8667971482215533, 2.348785025414891, 2.516158562826809, 3.111242067648133, 1.7048684272712642, 1.6152638923628584, 1.7613720000169253, 2.1791949807613706, 2.059434766241223], "behavior": [2, 0, 1, 1, 0], "review_text": "It's useful for what I need, but the navigation feels a little dated compared to other modern apps."}