{"logs": [0.8198242986097751, 0.5574658091646995, 0.2546761652345008, 0.12475714472882125, 0.8620794358854694, 0.40336589928229394, 0.5612713792731443, 0.23159577808076703, 0.1662433925746613, 0.6221602527412395], "behavior": [0, 0, 0, 1, 0], "review_text": "Very fast."}