{"logs": [0.507106308823293, 0.7950862999084298, 0.470246904864271, 0.33056744630886886, 0.35765474222741034, 0.6079219643329961, 0.9975111679673065, 0.4896914008890282, 0.15417976716525056, 0.8566973543765309], "behavior": [0, 0, 0, 0, 0], "review_text": "Finally an app that doesn't drain my battery while providing such a smooth and responsive interface!"}