{"logs": [2.3066298348685037, 3.4007793142986165, 2.7407613027520137, 2.268479754116899, 3.339811161128553, 1.708319405091806, 2.891022838639697, 1.564864377570291, 2.1005831987892254, 2.802575382212205], "behavior": [0, 2, 1, 0, 1], "review_text": "I like the features provided, but the loading times could definitely be improved in the next update."}