{"logs": [0.37476260202627676, 0.478307867098975, 0.9391230199394848, 0.12858077345278981, 0.6110611191379781, 0.8383091290729269, 0.8351549589956038, 0.2518854264512923, 0.7874902220849092, 0.7174649552411575], "behavior": [0, 0, 0, 0, 0], "review_text": "I'm really impressed with the latest update, the navigation feels much smoother than the previous version."}