{"logs": [2.1479984930742573, 1.8757597749603538, 3.001855599317761, 3.472291653371671, 3.1653471507195166, 2.2152023532052882, 2.2573530637220007, 2.0115264142804845, 2.531307666868535, 1.98060558183852], "behavior": [1, 0, 2, 2, 0], "review_text": "A decent effort, but I feel like some of the advanced features are hidden too deep in the settings."}