{"logs": [2.7456940199443434, 3.1955510578182635, 3.079735527897472, 2.9452410893249867, 3.480056831890015, 3.055912091612771, 1.54055486815286, 1.7206870415894657, 1.6254156844055228, 2.4174561684616256], "behavior": [2, 2, 2, 2, 1], "review_text": "It's useful for what I need, but the navigation feels a little dated compared to other modern apps."}