{"logs": [6.5979733439657835, 4.0995346962668755, 5.676821111098735, 5.828064749596139, 4.597570511298107, 6.9888399643892996, 4.878291112714755, 5.129410294701063, 6.083540607483315, 6.569388418918654], "behavior": [8, 5, 4, 6, 4], "review_text": "Total waste of time. The app froze during a critical task and I had to restart my phone to get it working again."}