{"logs": [3.047669407944424, 2.960166341015057, 3.071862424491326, 2.6630387660236328, 3.2454588102665394, 3.045269579360533, 1.6177745878429681, 3.045381863766711, 2.4907452434389863, 2.2875402298689], "behavior": [1, 2, 2, 0, 1], "review_text": "It's okay."}