{"logs": [2.230830778234179, 2.1402872690377253, 3.0985667980150127, 1.9691051559359194, 2.234174226716598, 3.2977956993390936, 2.588998364755019, 1.6352629078099756, 2.3031335189665203, 2.63808185752952], "behavior": [1, 0, 1, 0, 0], "review_text": "I'm satisfied for now, but I hope they fix the occasional freezing that happens on the home screen."}