{"logs": [6.495754536979113, 4.331370505508491, 5.620459033492771, 4.761408552805847, 4.753233536181483, 5.16491463485359, 4.498883249479995, 6.44583212393575, 5.007844969815931, 5.282088298410647], "behavior": [4, 5, 3, 7, 5], "review_text": "I hate how complicated they made the login process. It's like they want to make it hard for users to get in."}