{"logs": [0.7880393439251, 0.2762191166614242, 0.8036989086944671, 0.5874412339189227, 0.9319197593104601, 0.36068079674634745, 0.7343026700454478, 0.439935485569651, 0.7808089349490512, 0.22913677795358384], "behavior": [0, 0, 0, 0, 0], "review_text": "Everything works exactly as expected. It's refreshing to use a piece of software that just works perfectly."}