{"logs": [0.10061578130001073, 0.43961881913054013, 0.4220646952335676, 0.2906099231779468, 0.6032687837008974, 0.6729431055961286, 0.4954645461488618, 0.9826996105157877, 0.6568655105681149, 0.5400852457363331], "behavior": [0, 0, 0, 1, 0], "review_text": "Amazing UI."}