{"logs": [0.14217908261038148, 0.36320003116030286, 0.34686479949561255, 0.21599113868918202, 0.32304514573469134, 0.5400635716679096, 0.231645167518882, 0.7294214370385063, 0.38296630495285855, 0.34135232380147906], "behavior": [0, 0, 0, 1, 0], "review_text": "The integration with my other services is seamless. I didn't hit a single roadblock during the setup phase."}