{"logs": [1.7942036850808019, 2.8934241050978464, 3.0543119282909528, 2.6761209615922166, 2.6402525382434936, 3.2487854165037233, 2.4719411017323973, 3.020366720540051, 2.5592410689448037, 3.427519476964404], "behavior": [1, 1, 1, 2, 0], "review_text": "The interface is fine, but some of the buttons are a bit too small for easy tapping on my device."}