{"logs": [1.5235292071356878, 3.084674683946469, 2.6833292080526308, 2.8686087969799345, 1.6535670322769678, 1.5830636007550207, 1.6678984750975854, 2.2695504446133077, 1.6284901116963575, 1.8252545794695252], "behavior": [0, 1, 1, 0, 0], "review_text": "The app is okay, but I've seen better designs elsewhere. It's functional but lacks that 'wow' factor."}