{"logs": [0.41933704738075606, 0.48939203949989163, 0.27098798087409054, 0.3633183009910428, 0.4100475373980761, 0.8167513043661969, 0.4608133886663044, 0.14827292468513326, 0.7259714110917999, 0.28273494125304477], "behavior": [0, 0, 0, 0, 0], "review_text": "Finally an app that doesn't drain my battery while providing such a smooth and responsive interface!"}