{"logs": [0.6069516323343606, 0.3369840026296895, 0.9234573815312496, 0.8177950251529454, 0.43282467544663294, 0.39524921748151565, 0.9365948558534033, 0.5528258769225477, 0.8363212641705305, 0.18106046541381737], "behavior": [0, 0, 0, 1, 0], "review_text": "This app has completely changed how I manage my daily tasks; the UI is incredibly intuitive and snappy."}