{"logs": [0.8201632791676893, 0.5848964073259257, 0.986390417363129, 0.4287291320643958, 0.9677108484918572, 0.8005763268849309, 0.9071302712908154, 0.9094839454505975, 0.18347485348326575, 0.6684228927327005], "behavior": [0, 0, 0, 0, 0], "review_text": "Very fast."}