{"logs": [0.7577167067913837, 0.7109257964005796, 0.8934242753562336, 0.42089217220230324, 0.3108967963821386, 0.659368881024217, 0.20420332758979698, 0.86972062987528, 0.3574980394112649, 0.8615755369967616], "behavior": [0, 0, 0, 1, 0], "review_text": "Finally an app that doesn't drain my battery while providing such a smooth and responsive interface!"}