{"logs": [5.787790951253921, 5.907606015903017, 6.739839851410288, 5.437508859512337, 5.863079351130301, 6.196158353510562, 5.222577806102579, 4.725066282827762, 4.126397418092904, 4.897992768783792], "behavior": [3, 3, 7, 8, 3], "review_text": "Worst update ever. Everything was working fine until yesterday, now it's just a buggy mess."}