{"logs": [4.733036298663209, 5.159589362337009, 5.52136205202676, 6.10868426387652, 5.4777651772908476, 6.483323691214267, 4.623962657479723, 6.940747743453016, 4.753139975262531, 6.4281984997246635], "behavior": [7, 4, 3, 8, 5], "review_text": "I keep clicking buttons and nothing happens. It's like the app isn't even registering my inputs correctly."}