{"logs": [0.8428158520676877, 0.5762871414434986, 0.9674731850337257, 0.8273820164507081, 0.8193656701256604, 0.15080399712464315, 0.16178678693417903, 0.5625430506209873, 0.596686802211993, 0.40324072874108163], "behavior": [0, 0, 0, 1, 0], "review_text": "The integration with my other services is seamless. I didn't hit a single roadblock during the setup phase."}