{"logs": [2.9162680550755344, 2.406252940445989, 2.2395443569886346, 2.0444337068546616, 2.1423566791668174, 3.2870218568238343, 2.2214680664003934, 2.9403253638678484, 1.9721191965336131, 2.0982958317570146], "behavior": [2, 0, 2, 2, 1], "review_text": "The recent update fixed some bugs, but it also introduced a bit of lag that wasn't there before."}