{"logs": [1.9775920753768772, 1.7073249861189401, 3.3869733146014407, 3.1950827062968843, 2.6120456567346424, 2.432022121807717, 1.792919036400663, 3.2286465793177612, 3.3985003194408696, 2.5106067347471193], "behavior": [2, 0, 0, 1, 0], "review_text": "An average experience overall. It works well enough, but there isn't anything particularly special about it."}