{"logs": [6.961867014638122, 6.066326731023907, 4.093696681678342, 4.368206946915741, 6.057491083860941, 6.914041537224637, 5.055344224823004, 4.518230160258133, 6.139048180368501, 6.8006480954820345], "behavior": [7, 8, 3, 5, 3], "review_text": "Worst app ever."}