{"logs": [2.9909757982227703, 2.8896099729829277, 1.9260542262904148, 3.4201261741610236, 3.461463464814643, 2.0147836684751805, 2.3766362732906696, 2.085148861986546, 1.863192166010881, 2.3888929410704387], "behavior": [0, 2, 2, 1, 0], "review_text": "The interface is fine, but some of the buttons are a bit too small for easy tapping on my device."}