{"logs": [3.3756988191478374, 2.404952974059352, 3.088595193288317, 1.6396552044410775, 1.8619537031312305, 1.5209079605320102, 2.9998532213085007, 2.8237999464754058, 2.0985837293689094, 2.231819926204195], "behavior": [1, 1, 2, 1, 1], "review_text": "A decent effort, but I feel like some of the advanced features are hidden too deep in the settings."}