{"logs": [4.650666817925232, 5.475585941463808, 4.82029156495665, 4.745508655217479, 6.100653224001831, 5.793986589461969, 6.537066544446754, 6.8574590836832385, 6.90145876294897, 5.7045979232245205], "behavior": [8, 6, 4, 3, 6], "review_text": "This is unusable! The lag is so bad that it takes five seconds just to register a single button press."}