{"logs": [5.225070689265732, 4.844616729130005, 4.943546815120823, 4.997169403177994, 5.3882886098817595, 6.747461877228794, 4.508070558384468, 6.483240692875812, 6.649545555981285, 6.8181227847511074], "behavior": [8, 7, 6, 6, 3], "review_text": "Nothing works! I've tried reinstalling three times but the crashing issue still persists on the home screen."}