{"logs": [2.2857086782514227, 1.9676779705765919, 1.8175320050455064, 1.6616103027845728, 2.212907945754979, 1.9158007637475334, 1.501163396833875, 2.7276333465182083, 3.4123898995525863, 2.2996176470894034], "behavior": [2, 0, 2, 2, 0], "review_text": "I have mixed feelings; the core functionality is great but the secondary features feel half-baked."}