{"logs": [1.9952613314898342, 3.059637016905849, 2.999395303857143, 2.45430821524367, 1.7882521154749875, 1.843818811237674, 2.7564376850363215, 2.5612576833290532, 2.7918052280317003, 1.9349841195803525], "behavior": [1, 1, 2, 1, 2], "review_text": "The app is okay, but I've seen better designs elsewhere. It's functional but lacks that 'wow' factor."}