{"logs": [4.0646939538723785, 4.063495002460415, 6.149749054178612, 5.7919611760008385, 5.281844942489047, 6.819658893168704, 5.3410560323492735, 5.080583283474333, 5.821388564384798, 4.592034960431077], "behavior": [7, 7, 8, 6, 3], "review_text": "Avoid this app at all costs. It's slow, bloated, and crashes at least three times every hour."}