{"logs": [2.9623973858619186, 1.6612464578043968, 3.2863257112684936, 2.418046715956814, 2.002206388599679, 2.4248267374802808, 1.7879567059856407, 3.4135919912593824, 2.0068074394175737, 3.034013167316741], "behavior": [2, 2, 2, 2, 2], "review_text": "It's fine for occasional use, but I wouldn't rely on it for anything mission-critical just yet."}