{"logs": [0.8736284446299315, 0.37446719278047846, 0.5782727321349819, 0.3920657450600006, 0.32812968665208153, 0.8763413077593689, 0.5398039389573878, 0.8913573759348561, 0.7368986417968102, 0.1477214644672067], "behavior": [0, 0, 0, 1, 0], "review_text": "Five stars! It's rare to find an app that is both feature-rich and this easy to navigate without a tutorial."}