{"logs": [0.9711814732104491, 0.3317985644320929, 0.6510705740931007, 0.6669305147119666, 0.2896030818457548, 0.9118924731425769, 0.3821190705836146, 0.9963156226508261, 0.6891460673641744, 0.2109028105588263], "behavior": [0, 0, 0, 1, 0], "review_text": "Brilliant execution on the user interface; it's very accessible and everything is exactly where it should be."}