{"logs": [1.6282306203716783, 2.2241394191609833, 2.9483685351255917, 2.2605887160813674, 1.9831611617156157, 1.5298159462906995, 1.77612015356445, 2.8575775599547795, 2.8052512548313127, 3.4164211910425957], "behavior": [0, 0, 0, 1, 1], "review_text": "The app is decent for basic use, but I find the menu layout a bit confusing at times."}