{"logs": [0.29856693830279996, 0.9724069600491068, 0.9871870935309967, 0.21657442623403578, 0.2957235516881711, 0.8351114183659931, 0.19701262429810545, 0.6234041452643106, 0.6788570704874554, 0.8701173592595416], "behavior": [0, 0, 0, 1, 0], "review_text": "Amazing UI."}