{"logs": [0.33247195020484277, 0.4955947577524893, 0.5101775300979301, 0.41695133227335857, 0.5564568276024793, 0.33099153909973794, 0.4649573955413572, 0.42033544351251806, 0.13201379319464618, 0.23199161970799662], "behavior": [0, 0, 0, 1, 0], "review_text": "I love how the app anticipates what I need next; the predictive features are actually helpful for once."}