{"logs": [0.2781851827848706, 0.9772110113993718, 0.36447988662119835, 0.8254370181809169, 0.9142533506653748, 0.9517122317383747, 0.22556537947556285, 0.23641796215474709, 0.9913701259942181, 0.21463729965515432], "behavior": [0, 0, 0, 0, 0], "review_text": "Finally an app that doesn't drain my battery while providing such a smooth and responsive interface!"}