{"logs": [0.19837390113308695, 0.4191602834377225, 0.10133472059909035, 0.5581465297299893, 0.362570483820818, 0.6556958293793466, 0.36334956443811295, 0.6317599147354811, 0.6020351178236123, 0.1953888075756155], "behavior": [0, 0, 0, 1, 0], "review_text": "I'm really impressed with the latest update, the navigation feels much smoother than the previous version."}