{"logs": [0.7384895919753763, 0.9214121637572303, 0.31311388646138566, 0.577843378550512, 0.7192411882001247, 0.8454776686426162, 0.6230007260081802, 0.7233108815522417, 0.5130325038532237, 0.19475571918358944], "behavior": [0, 0, 0, 0, 0], "review_text": "Amazing UI."}