{"logs": [2.7546275928479007, 1.5539650103497218, 3.0081597858333717, 2.9259571560008175, 2.1022538573938023, 2.6341312088137516, 1.7862512856812762, 1.7378272682277682, 2.1275818188242974, 3.0522259570199437], "behavior": [1, 1, 0, 2, 0], "review_text": "I like the features provided, but the loading times could definitely be improved in the next update."}