{"logs": [0.9253262441325582, 0.548111527435185, 0.19599236805035167, 0.9657778951793253, 0.42359123744267, 0.8656840370292042, 0.7342771335117105, 0.15067549375036016, 0.3559807722227579, 0.3816782949807934], "behavior": [0, 0, 0, 0, 0], "review_text": "I love how the app anticipates what I need next; the predictive features are actually helpful for once."}