{"logs": [2.3431306731372, 2.28270631252828, 3.1053754821154307, 3.1927963168769113, 2.2250341050288354, 2.7237435014892935, 2.024429499287458, 3.107517251805988, 2.738044166657978, 3.3123533372942924], "behavior": [0, 2, 0, 0, 0], "review_text": "The app is decent for basic use, but I find the menu layout a bit confusing at times."}