{"logs": [0.5789891614718017, 0.3166922962418703, 0.8077233033135331, 0.40700374356133495, 0.15785200631889892, 0.6080603086354672, 0.8507480549231117, 0.1289362927863291, 0.6124313801447075, 0.7671345462883179], "behavior": [0, 0, 0, 1, 0], "review_text": "Amazing UI."}