{"logs": [5.447719352922914, 6.6303884738047705, 6.68760215514613, 6.567971780492636, 4.350829441802147, 6.338080644446677, 5.22872350129761, 4.2949540621880615, 5.38023717943509, 5.639118325635775], "behavior": [6, 8, 3, 8, 8], "review_text": "The performance is abysmal. It feels like I'm running this on a ten-year-old phone even though I have a flagship."}