{"logs": [3.078894880885401, 2.7047109342044333, 1.996635766075816, 1.8794969523615246, 2.732545104786311, 1.9234711654643555, 2.6197821067691476, 2.1060777294205577, 3.2804560476096287, 2.318252354170662], "behavior": [0, 1, 2, 1, 2], "review_text": "The app is decent for basic use, but I find the menu layout a bit confusing at times."}