{"logs": [5.219872693579509, 4.516902471547356, 5.815960239520063, 5.411551000948744, 4.455394458831806, 5.7786286669918665, 6.712706834875714, 6.671065690053657, 6.178633645161789, 4.674120354542643], "behavior": [8, 5, 6, 8, 5], "review_text": "Too slow!"}