{"logs": [1.8587261742797063, 2.3936357090232203, 3.286336120803383, 2.3643797894318377, 2.445866484272475, 2.6727808921332588, 1.8436276756837695, 1.74533719149993, 3.03800555491609, 3.3725760480002314], "behavior": [1, 0, 1, 0, 0], "review_text": "It's fine for occasional use, but I wouldn't rely on it for anything mission-critical just yet."}