{"logs": [4.156803788092898, 4.904246391034113, 5.066517245106711, 5.3029306527440845, 5.3124457529562426, 5.218154703854757, 4.931341679459256, 4.957477935090295, 6.295564680407171, 4.302494002727655], "behavior": [4, 4, 8, 5, 7], "review_text": "This is unusable! The lag is so bad that it takes five seconds just to register a single button press."}