{"logs": [5.241921463503197, 4.341367249559067, 6.17027646433147, 6.41834478514485, 6.010980667854058, 6.4606980289371965, 5.94991142353506, 4.29728279210846, 6.851136928129188, 5.7890807558117015], "behavior": [8, 5, 7, 6, 7], "review_text": "Avoid this app at all costs. It's slow, bloated, and crashes at least three times every hour."}