{"logs": [6.749714365312928, 4.041848777491393, 4.019997634638145, 4.301261318745036, 5.704889603143112, 6.8702841517150794, 6.757414779346368, 5.546372621536753, 6.249362247365948, 4.993191250858454], "behavior": [4, 7, 3, 8, 4], "review_text": "I hate how complicated they made the login process. It's like they want to make it hard for users to get in."}