{"logs": [3.334631285359378, 1.5698337462585097, 3.289679499676848, 2.6326995286467114, 2.6117136963357077, 3.3728773360792785, 1.8088534966090577, 2.659445504961245, 1.895600732445723, 2.8803945021872406], "behavior": [2, 0, 2, 2, 1], "review_text": "The app performs okay most of the time, though it occasionally feels a bit sluggish under heavy use."}