{"logs": [5.934049733609148, 6.4743567788411625, 5.247336212484933, 5.028527016116111, 4.467802204139282, 4.752554173182111, 5.8948591331476194, 6.359337587206234, 5.747259247812114, 5.155589469293693], "behavior": [4, 7, 4, 5, 3], "review_text": "I'm tired of the 'Something went wrong' errors. Why can't this app just maintain a stable connection?"}