{"logs": [1.8229960850991136, 2.817722025422289, 2.8911250782578657, 3.2886507184335985, 2.9673270187325276, 3.0761592475669994, 3.4877949655437046, 3.151381182807148, 2.627370006685475, 2.297479797871154], "behavior": [1, 0, 1, 1, 1], "review_text": "The app is okay, but I've seen better designs elsewhere. It's functional but lacks that 'wow' factor."}