{"logs": [1.7420731440616422, 3.428110119205752, 3.4687741827556486, 1.7762275855098446, 2.683497246626498, 3.038791271467607, 3.2668507183991458, 3.1085236505130913, 1.7300416470513758, 3.1965654284607274], "behavior": [2, 0, 1, 2, 2], "review_text": "The app performs okay most of the time, though it occasionally feels a bit sluggish under heavy use."}