{"logs": [5.845366009361349, 6.2645822997483105, 4.710391534365368, 5.104956222032546, 4.728516091084704, 5.825790814593142, 5.570252432979184, 6.674826447109854, 5.170928374374727, 4.77602750776137], "behavior": [7, 5, 6, 8, 8], "review_text": "This is unusable! The lag is so bad that it takes five seconds just to register a single button press."}