{"logs": [6.296640933016621, 4.264969910281073, 5.434488885133486, 4.598025425740857, 4.395397417257018, 4.856912498710861, 4.037924889968225, 6.110042566734002, 5.93434979412005, 6.6021108549718175], "behavior": [6, 4, 7, 7, 6], "review_text": "I'm uninstalling this immediately. The level of frustration this app causes is simply not worth the features."}