{"logs": [4.541829427226569, 5.329362579507142, 5.710189244104342, 6.735996670285643, 4.7921181335253715, 6.392445387982236, 4.588761530503313, 6.6886163484240075, 5.798950775287899, 4.024104426329214], "behavior": [6, 3, 7, 4, 6], "review_text": "Worst app ever."}