{"logs": [4.164150924721538, 4.785910864878424, 5.022653922833593, 5.392336207620842, 5.376102654825359, 6.835096561911671, 4.139422461017001, 4.964876495549004, 6.290416207685726, 5.916158642068748], "behavior": [3, 3, 4, 3, 7], "review_text": "Too slow!"}