{"logs": [2.70867295806212, 1.944484450925357, 2.006054333782311, 2.483234608768794, 2.920187241800792, 1.542896197586738, 2.3697654203739913, 2.4670891597234856, 1.6524019001657666, 2.343265211798786], "behavior": [0, 0, 2, 2, 2], "review_text": "I like the features provided, but the loading times could definitely be improved in the next update."}