{"logs": [0.9546746739136657, 0.11664792744837695, 0.5539191046459339, 0.31957494844714945, 0.8993945698231524, 0.5638302103041231, 0.33127826410447797, 0.6561917265864441, 0.14636828335532392, 0.7071752512173035], "behavior": [0, 0, 0, 0, 0], "review_text": "This app has completely changed how I manage my daily tasks; the UI is incredibly intuitive and snappy."}