{"logs": [3.368808862399459, 2.2944083595559785, 2.8944956768907, 1.7641373520221688, 2.0954774139118335, 3.063454221975517, 1.796463944481261, 2.5784532873382418, 3.3045525946582988, 2.690571531427964], "behavior": [2, 0, 1, 0, 0], "review_text": "It's a solid app, but it crashed once when I was trying to upload a large file earlier today."}