{"logs": [3.390027817421495, 3.2016647716702433, 1.5883467054935978, 2.041757201950825, 1.7599011426969715, 1.8713949909251717, 2.2518513962451054, 2.3166817281836685, 1.5660780260288318, 3.073325741527748], "behavior": [0, 0, 1, 0, 0], "review_text": "I like the features provided, but the loading times could definitely be improved in the next update."}