{"logs": [5.905408416540823, 5.122899657477054, 4.7893888281401225, 5.212279769893772, 5.296481169011599, 6.59136359567726, 4.232112810027574, 6.307086417076176, 6.265518782291798, 6.232061063270908], "behavior": [5, 8, 6, 3, 7], "review_text": "The constant stuttering and visual glitches make the app feel very cheap and poorly developed."}