{"logs": [5.176666926385977, 5.938689049385713, 5.2201205785516445, 6.772931824537831, 5.986985645529002, 6.598657873639491, 5.702485732459975, 6.865858959300676, 5.276250980669564, 4.423342450166875], "behavior": [7, 4, 5, 3, 3], "review_text": "Worst app ever."}