{"logs": [5.9911103291334555, 6.186808914684658, 4.276973143070287, 4.876985277970506, 6.372749446588139, 5.454899020553878, 5.204822560009347, 4.925892825770215, 5.782546074654708, 5.842526350327751], "behavior": [8, 4, 3, 5, 3], "review_text": "The navigation is a labyrinth. I spent ten minutes just trying to find the settings page. Terrible UX."}