{"logs": [0.4871779881306625, 0.7085864316952352, 0.44155378676716883, 0.4577874382090936, 0.7899656916492229, 0.13248105915438477, 0.9009793670756381, 0.20848290054258967, 0.15839044258890886, 0.8482170279308979], "behavior": [0, 0, 0, 0, 0], "review_text": "The haptic feedback and loading animations make the whole experience feel premium and high-end."}