{"logs": [2.7141336937335225, 2.0410425169312587, 1.5164158700935146, 3.223494858244476, 2.411599028898297, 3.2164973739569587, 1.5766039784160502, 3.408441504061468, 2.7113171639463056, 2.439818598219688], "behavior": [2, 0, 1, 1, 1], "review_text": "It's fine for occasional use, but I wouldn't rely on it for anything mission-critical just yet."}