{"logs": [4.250477944592968, 5.528018933821353, 4.337048515234896, 4.600809872328547, 5.106267737149224, 4.6183697486743664, 4.294559466864923, 5.835075604113514, 4.048776569209732, 5.900714407667438], "behavior": [7, 6, 4, 7, 6], "review_text": "I'm uninstalling this immediately. The level of frustration this app causes is simply not worth the features."}