{"logs": [0.6829032191199893, 0.5026371627124138, 0.3251332160672034, 0.36388739172102824, 0.24557664312655597, 0.7450061993964436, 0.7602668093197389, 0.8391452530199449, 0.4996275738566669, 0.19003327479764492], "behavior": [0, 0, 0, 1, 0], "review_text": "Finally an app that doesn't drain my battery while providing such a smooth and responsive interface!"}