{"logs": [1.5713842913555665, 1.6741190955071052, 3.390519991624103, 1.8173512612342653, 3.331902507664477, 2.9084998061354104, 2.1780401478156595, 2.8401043228476506, 3.4120286051338695, 2.3993847648926376], "behavior": [2, 0, 2, 1, 1], "review_text": "It's fine for occasional use, but I wouldn't rely on it for anything mission-critical just yet."}