{"logs": [2.9621135753552563, 2.480622998191681, 2.174419200982455, 1.5149568210063045, 3.1109883345094715, 1.5487062861333771, 2.608793239513592, 2.47686537275224, 3.173050225122638, 3.109357385658603], "behavior": [0, 2, 2, 0, 2], "review_text": "It's a solid app, but it crashed once when I was trying to upload a large file earlier today."}