{"logs": [6.611763630502007, 6.3785282650289155, 6.596452756130247, 6.0704372148204815, 5.809148713661677, 5.614407341984679, 5.833946845218181, 6.855975699495888, 6.005536434782526, 6.189867870407607], "behavior": [6, 4, 8, 4, 4], "review_text": "I'm tired of the 'Something went wrong' errors. Why can't this app just maintain a stable connection?"}