{"logs": [2.229150370979948, 1.8267701702066586, 3.186383705238015, 2.968559628271019, 1.85597932714965, 2.7913518836232862, 3.1523014739150454, 2.4991622530951902, 2.9701452772527093, 3.3305693279052786], "behavior": [2, 2, 1, 2, 1], "review_text": "The app is okay, but I've seen better designs elsewhere. It's functional but lacks that 'wow' factor."}