{"logs": [5.21674650920177, 4.803807226511518, 4.418723331890133, 5.23261425911362, 6.17861106691446, 6.150216037798983, 4.798496999008708, 4.6249780067359, 6.495819572564137, 4.168306621757795], "behavior": [7, 8, 8, 7, 4], "review_text": "Worst app ever."}