{"logs": [0.7387391506140149, 0.9335655151518933, 0.978526238043091, 0.9773864209248057, 0.5341053893239591, 0.6191375408297964, 0.6539749935652848, 0.37800373469976734, 0.42287219507544616, 0.22409362165817265], "behavior": [0, 0, 0, 0, 0], "review_text": "I'm really impressed with the latest update, the navigation feels much smoother than the previous version."}