{"logs": [2.739970499731622, 1.9570476222107256, 3.287160538253107, 2.8085665376477564, 1.7203077789795278, 1.9391101926768344, 1.8744415909503456, 3.3595153410335072, 2.1652153547562545, 2.5632009431391927], "behavior": [2, 2, 0, 0, 0], "review_text": "I have mixed feelings; the core functionality is great but the secondary features feel half-baked."}