{"logs": [0.9023346525885904, 0.2719853789180118, 0.4280964948885053, 0.1568707152756023, 0.6217771639929238, 0.3140010752329351, 0.34715305349350944, 0.13390143655907077, 0.5916253810243208, 0.17292675918349693], "behavior": [0, 0, 0, 0, 0], "review_text": "Super satisfied with the speed of this tool. It saves me at least twenty minutes of work every single day."}