{"logs": [1.5640807797100962, 3.2688818052793707, 2.0041323340239883, 2.5521571958636935, 3.3858820364791216, 1.75955338681554, 2.645117497119484, 2.5844430167449763, 3.1932774012729177, 1.8622668503448838], "behavior": [0, 1, 2, 1, 1], "review_text": "The app is okay, but I've seen better designs elsewhere. It's functional but lacks that 'wow' factor."}