{"logs": [5.318554171362406, 6.195416484459627, 4.275734779507504, 4.282574865964281, 5.834809451609198, 5.264958107914891, 5.4342954124116165, 6.923507840108198, 6.136742767575849, 6.728480119682309], "behavior": [8, 4, 8, 8, 6], "review_text": "I keep clicking buttons and nothing happens. It's like the app isn't even registering my inputs correctly."}