{"logs": [3.286465294798885, 1.705406981268189, 3.412572563253158, 3.2958435639483947, 1.9988061113985751, 2.8883517412719426, 2.7578578622676035, 1.8000455130489565, 3.038123061850144, 1.8378809314996432], "behavior": [2, 0, 2, 0, 2], "review_text": "I'm satisfied for now, but I hope they fix the occasional freezing that happens on the home screen."}