{"logs": [5.705922506383548, 4.063890713601336, 5.721540237941078, 4.319477086151126, 4.897639163427826, 5.5454455638931694, 5.500278336467362, 5.195968370998405, 5.427310206641657, 4.208595144022244], "behavior": [4, 6, 6, 4, 6], "review_text": "Avoid this app at all costs. It's slow, bloated, and crashes at least three times every hour."}