{"logs": [2.9082379813365704, 3.2389528221815906, 1.6678243677945548, 2.532889603929589, 3.1430858462865707, 2.7353087405283527, 2.600220580849273, 3.182572256258924, 1.5020195128577358, 2.331489465171292], "behavior": [2, 0, 2, 0, 0], "review_text": "It's okay."}