{"logs": [5.985568262051833, 4.077334572670954, 5.431948024022619, 5.2482111300489125, 5.105897563758381, 6.10408393764787, 5.425302198620307, 5.419057919056679, 5.236679710251002, 5.475047048350816], "behavior": [8, 6, 5, 6, 6], "review_text": "Total waste of time. The app froze during a critical task and I had to restart my phone to get it working again."}