{"logs": [5.591500748272791, 5.516677174986123, 4.494444060467237, 4.872183967979561, 6.702469999636457, 4.751007155708887, 6.889054955252085, 4.6875091067926755, 4.80209079461695, 4.107724155248353], "behavior": [7, 7, 5, 8, 8], "review_text": "Total waste of time. The app froze during a critical task and I had to restart my phone to get it working again."}