{"logs": [0.25160945551159947, 0.2026143026702008, 0.9216046090108697, 0.7151022182372903, 0.7417178047925957, 0.7868698568362698, 0.6589242464032148, 0.5980610143159631, 0.3212124494856622, 0.9191227496149337], "behavior": [0, 0, 0, 0, 0], "review_text": "Absolutely love the dark mode implementation! It's clear the developers put a lot of thought into the user experience."}