{"logs": [6.495732182889754, 5.717052980997758, 6.5143890302448755, 5.783008802025945, 5.534121486869162, 6.54409481578119, 6.261372770662505, 4.351414524894647, 5.768945760889098, 5.88093864002804], "behavior": [5, 5, 8, 5, 5], "review_text": "I'm tired of the 'Something went wrong' errors. Why can't this app just maintain a stable connection?"}