{"logs": [2.7015942763777856, 2.6139485950281056, 2.6878427951532355, 2.4941300038877845, 2.812457357351568, 2.130334688029632, 2.914647352538993, 3.0159512680959475, 2.0551757445605996, 3.0988356291576022], "behavior": [1, 2, 0, 1, 0], "review_text": "The recent update fixed some bugs, but it also introduced a bit of lag that wasn't there before."}