{"logs": [0.8115463665713796, 0.5815809869394091, 0.734458068540743, 0.7986693935902858, 0.40878913735914024, 0.5606375058915983, 0.2677652328758837, 0.280758630023482, 0.7177757377255898, 0.10274897332704969], "behavior": [0, 0, 0, 1, 0], "review_text": "Great job on the new checkout flow, it's much faster now and doesn't require unnecessary clicks."}