{"logs": [2.8782755382302256, 3.375770220049672, 2.194440683803158, 3.08275556281595, 1.776731011465604, 3.2226298397153568, 1.9636566036180076, 3.4148113567253517, 2.3939091481933916, 3.4668618254716996], "behavior": [0, 0, 2, 0, 0], "review_text": "It gets the job done, though I noticed some minor stuttering when scrolling through long lists."}