{"logs": [2.2963501729610973, 2.7218396076780045, 2.196948850417545, 2.1790104960226833, 3.2929197096178013, 2.834013643263307, 3.219715815205279, 3.0832154999653048, 1.5523028099075973, 2.847980231633463], "behavior": [2, 1, 2, 2, 0], "review_text": "I have mixed feelings; the core functionality is great but the secondary features feel half-baked."}