{"logs": [3.494813907167385, 1.9070538238950272, 2.070592902902712, 1.755913801691894, 1.7929008873807415, 1.8720512566259278, 2.765069245786571, 2.7358316534415215, 3.3405307907438733, 1.6848056209899875], "behavior": [2, 0, 0, 0, 2], "review_text": "It's a solid app, but it crashed once when I was trying to upload a large file earlier today."}