{"logs": [5.65592392371496, 6.667921866926696, 5.83730057907057, 4.084634553632001, 4.471221850021019, 5.114277002356378, 6.283881898844844, 6.652358663268855, 6.432763665760087, 5.28194410225176], "behavior": [6, 7, 4, 6, 6], "review_text": "I keep clicking buttons and nothing happens. It's like the app isn't even registering my inputs correctly."}