{"logs": [2.965147675776687, 2.0336151544040644, 3.1207134639436793, 2.0489979377057757, 2.5597144044170905, 2.8917160404616262, 2.5547427973667762, 1.6500397736717252, 2.4041010651626555, 1.840881274041221], "behavior": [0, 2, 2, 2, 0], "review_text": "The app is okay, but I've seen better designs elsewhere. It's functional but lacks that 'wow' factor."}