{"logs": [0.34318814667483105, 0.3675191841886877, 0.43379660227698125, 0.44690480867399496, 0.8723560543094145, 0.7532897168559941, 0.3902755131873993, 0.8601770769709965, 0.20304701117314414, 0.5175425501431292], "behavior": [0, 0, 0, 0, 0], "review_text": "Absolutely love the dark mode implementation! It's clear the developers put a lot of thought into the user experience."}