{"logs": [6.554965322290055, 6.010546359508988, 6.455508082815201, 5.158172781358553, 6.663446722848033, 5.19266456889415, 4.531010836185619, 6.294937602870178, 6.447078236165807, 6.026886810756427], "behavior": [8, 8, 3, 3, 7], "review_text": "I'm tired of the 'Something went wrong' errors. Why can't this app just maintain a stable connection?"}