{"logs": [5.238446821248263, 4.065745294108508, 6.914216741895677, 4.322376291535736, 5.608303965112134, 5.433486398580425, 4.840253629787929, 6.21351874756968, 6.0277476075502, 6.4212921873638615], "behavior": [3, 4, 5, 6, 7], "review_text": "Total waste of time. The app froze during a critical task and I had to restart my phone to get it working again."}