{"logs": [2.5191324108762765, 2.980013011233858, 2.6873442893520565, 1.7896435308845433, 2.7399818771304205, 1.6097568987249042, 2.5216538008225293, 2.1966852456499337, 3.300919902202301, 2.0476701248774516], "behavior": [0, 2, 2, 2, 1], "review_text": "A decent effort, but I feel like some of the advanced features are hidden too deep in the settings."}