{"logs": [1.8660671076550412, 2.2888182032551097, 2.0698894189649226, 2.180723666539162, 3.4506471667106107, 2.4983370984011772, 1.9251232571196648, 2.423340352192128, 3.2937985024445506, 3.074186291256798], "behavior": [2, 2, 2, 1, 0], "review_text": "It's useful for what I need, but the navigation feels a little dated compared to other modern apps."}