{"logs": [1.776039877261405, 2.7313222345782675, 2.2564631362740353, 3.2376546212362185, 1.6935780653382007, 1.9961297840248815, 3.206770628193399, 1.9192740939724031, 2.411567309071584, 2.3348128106544515], "behavior": [2, 2, 0, 0, 0], "review_text": "The app is decent for basic use, but I find the menu layout a bit confusing at times."}