{"logs": [0.9978677209879604, 0.9290234953588186, 0.7417211299251034, 0.5792563826352747, 0.10335326068586179, 0.7879010374561948, 0.9179202270063135, 0.9160766041445818, 0.9859634043458863, 0.564614577937478], "behavior": [0, 0, 0, 0, 0], "review_text": "Absolutely love the dark mode implementation! It's clear the developers put a lot of thought into the user experience."}