{"logs": [1.5771538807977454, 3.0371709443169728, 2.8662286493494644, 1.6298735675618865, 3.395283374946753, 1.585754873808634, 2.158180221164013, 2.914330103015601, 2.488874316377138, 3.14471912401254], "behavior": [0, 0, 0, 0, 0], "review_text": "The recent update fixed some bugs, but it also introduced a bit of lag that wasn't there before."}