{"logs": [0.4268702706794424, 0.589387982331431, 0.6222668037940766, 0.15173258246558796, 0.7642962026392065, 0.5444264622914449, 0.5928750218809036, 0.24229589003368213, 0.9295367589447341, 0.27215824184590265], "behavior": [0, 0, 0, 1, 0], "review_text": "This app has completely changed how I manage my daily tasks; the UI is incredibly intuitive and snappy."}