{"logs": [5.2339161106325545, 6.609863375967629, 4.667278109967147, 5.097422109662122, 6.654584414287411, 4.164845353030979, 6.806693200729314, 6.702567173535838, 4.0590334422223275, 6.457159929180241], "behavior": [7, 6, 8, 7, 5], "review_text": "Too slow!"}