{"logs": [2.985166676715438, 1.6866059352963731, 2.6045626845380587, 2.4972536434742207, 1.750990673794538, 1.923663157680195, 3.011746758814878, 3.2447969714226463, 2.3483984377023637, 3.0194476298969315], "behavior": [0, 1, 2, 2, 0], "review_text": "I like the features provided, but the loading times could definitely be improved in the next update."}