{"logs": [0.46002124142951506, 0.19521332659028198, 0.7142036632143185, 0.9109453428707914, 0.6843853616735733, 0.1278607103579992, 0.21214375792643697, 0.8155895367533273, 0.7702179058380141, 0.4638576847078155], "behavior": [0, 0, 0, 0, 0], "review_text": "Great job on the new checkout flow, it's much faster now and doesn't require unnecessary clicks."}