{"logs": [0.7464088070754956, 0.8199298445347655, 0.7922760182967937, 0.3097542149311018, 0.780314323015813, 0.8399538341094566, 0.4351443742832575, 0.36769983916822613, 0.20784896190035138, 0.43857314521110635], "behavior": [0, 0, 0, 0, 0], "review_text": "Great job on the new checkout flow, it's much faster now and doesn't require unnecessary clicks."}