{"logs": [1.8251669159273332, 3.0396405571971883, 3.326282366773368, 2.8206482798057984, 3.0668835497014033, 2.54064686361247, 2.414348818900741, 2.4576025835830375, 2.394058999003749, 2.824991324650935], "behavior": [1, 2, 2, 1, 0], "review_text": "I like the features provided, but the loading times could definitely be improved in the next update."}