{"logs": [6.99046878675262, 5.927434594612514, 5.625499639456464, 6.866149187385031, 5.221944300547761, 5.311645892041426, 6.8438316359851745, 5.3279991238326225, 4.850829582314332, 5.5945326695194355], "behavior": [3, 3, 8, 8, 5], "review_text": "Nothing works! I've tried reinstalling three times but the crashing issue still persists on the home screen."}