{"logs": [2.092982239706369, 2.174347013306366, 2.3839446183257786, 2.5837430010881968, 3.0571869878435947, 2.5713898159003774, 2.971540254531231, 3.2577207930250687, 3.4484351837751603, 3.233654672999096], "behavior": [2, 2, 0, 0, 1], "review_text": "I'm satisfied for now, but I hope they fix the occasional freezing that happens on the home screen."}