{"logs": [6.914623881386069, 5.0793283792089525, 4.188731544094067, 5.705825594244002, 5.809222623505761, 4.674031082034142, 6.06406481352758, 6.709635346041039, 5.841071486354348, 6.244906049499415], "behavior": [4, 8, 4, 5, 5], "review_text": "I've lost my data twice now because the app closed unexpectedly. I would not recommend this to anyone."}