{"logs": [4.8325081111449615, 5.362379584012282, 5.57171999752253, 4.234147328821594, 6.14820500783513, 6.766480772121636, 5.9210253250542415, 5.862349516627172, 6.743215624959324, 4.6739612006670725], "behavior": [7, 7, 4, 8, 4], "review_text": "I keep clicking buttons and nothing happens. It's like the app isn't even registering my inputs correctly."}