{"logs": [5.556737475419359, 5.80470966842233, 6.183108722625638, 5.016239987912403, 5.12781833819375, 6.742074257231, 5.286187590891204, 4.930199054696073, 6.819658578844047, 5.695487111745554], "behavior": [7, 7, 7, 7, 8], "review_text": "Worst update ever. Everything was working fine until yesterday, now it's just a buggy mess."}