{"logs": [1.8613145412799479, 1.7985229676512957, 2.9382135037631043, 2.8829040326145092, 2.2989404187387903, 2.090341410132588, 1.979619900092822, 3.216293896155757, 1.915011790526977, 3.325110800994276], "behavior": [2, 1, 1, 1, 2], "review_text": "The recent update fixed some bugs, but it also introduced a bit of lag that wasn't there before."}