{"logs": [1.7499732124876723, 2.9743437541942956, 2.017879359443685, 1.6558095917764988, 2.5112260499130317, 2.7256096982843445, 2.281542630821534, 2.3426564898803797, 2.369643586315447, 3.077341648823177], "behavior": [1, 1, 0, 0, 1], "review_text": "It's fine for occasional use, but I wouldn't rely on it for anything mission-critical just yet."}