{"logs": [1.663744703043047, 2.7483275428361074, 3.2668199379003378, 2.0825921009878514, 3.017996835946543, 3.285447574663058, 2.1212520708481017, 1.7196528843021721, 3.0047158730752574, 2.1073354119654155], "behavior": [1, 2, 1, 2, 2], "review_text": "The interface is fine, but some of the buttons are a bit too small for easy tapping on my device."}