{"logs": [0.15629928222710412, 0.6192621390685051, 0.34144620224393324, 0.6359547619760332, 0.45040554422317614, 0.3884876854078926, 0.30943444418638266, 0.4279320392555913, 0.4601738007915124, 0.7265107667877317], "behavior": [0, 0, 0, 0, 0], "review_text": "The haptic feedback and loading animations make the whole experience feel premium and high-end."}