{"logs": [0.36247265800859396, 0.14660734749091853, 0.29524407886824805, 0.5641810029916612, 0.9829679030176413, 0.6414790508730064, 0.9285498680883192, 0.4750557343660561, 0.5995624118147085, 0.6560836920684481], "behavior": [0, 0, 0, 0, 0], "review_text": "Absolutely love the dark mode implementation! It's clear the developers put a lot of thought into the user experience."}