{"logs": [6.826483507351469, 6.818897542043893, 5.331512819547802, 5.661540346529594, 4.917568125761738, 4.897731997454862, 4.0052625805097835, 5.112877899473693, 6.964045317669912, 6.946043146456489], "behavior": [6, 3, 5, 8, 3], "review_text": "Total waste of time. The app froze during a critical task and I had to restart my phone to get it working again."}