{"logs": [2.126553252596623, 2.675644449324034, 1.7617836096616526, 2.169715650577759, 2.096562760772893, 2.4935343709958406, 2.64911758896673, 2.1085465714121323, 2.4549845581484115, 2.121102381749764], "behavior": [2, 1, 1, 0, 0], "review_text": "A decent effort, but I feel like some of the advanced features are hidden too deep in the settings."}