{"logs": [1.792827150139602, 2.4502658547115344, 1.939607986890047, 1.90946262154322, 3.386271547133342, 2.022515405274872, 3.037159699167567, 2.285342359205729, 3.0634725802830864, 2.810405135559699], "behavior": [0, 1, 1, 0, 1], "review_text": "The interface is fine, but some of the buttons are a bit too small for easy tapping on my device."}