{"logs": [0.313196495640683, 0.9959718726635473, 0.9591641093959252, 0.9807657466194866, 0.8003149423758851, 0.286908171111061, 0.10687595573671566, 0.7825923927818932, 0.5717549193302413, 0.41253229724050045], "behavior": [0, 0, 0, 1, 0], "review_text": "Finally an app that doesn't drain my battery while providing such a smooth and responsive interface!"}