{"logs": [0.790375588613365, 0.8094123883356368, 0.8849335321089502, 0.17221274647956492, 0.8820291829562045, 0.6591544008478463, 0.7471604843253192, 0.24777175223538206, 0.2643465308898606, 0.16869974584867675], "behavior": [0, 0, 0, 0, 0], "review_text": "The performance is rock solid. I haven't experienced a single lag spike since I started using it last week."}