{"logs": [2.4340602564053913, 2.4842344852534213, 3.269002800725191, 1.572771387896718, 1.5706866849119023, 3.1627176544577824, 2.5825248146383286, 3.270491004172742, 2.133141685171509, 1.8175434195607094], "behavior": [1, 0, 1, 0, 1], "review_text": "The interface is fine, but some of the buttons are a bit too small for easy tapping on my device."}