{"logs": [1.8868998182056231, 1.8306978535562592, 3.0118218094080844, 3.488945931925758, 1.7988201314884638, 1.9709839656951387, 2.592501115682226, 2.0141195471609414, 2.3003607247830424, 1.9602529780212006], "behavior": [1, 1, 2, 2, 2], "review_text": "It gets the job done, though I noticed some minor stuttering when scrolling through long lists."}