{"logs": [2.6111608320532413, 1.9560492462523158, 2.115131808780962, 2.8465625486222903, 2.527085869436248, 2.5186203627063017, 3.28862163151401, 3.167791640043955, 1.5788329666420984, 2.9525211355828107], "behavior": [0, 2, 0, 2, 0], "review_text": "Average."}