{"logs": [4.100416008904365, 5.429837622048144, 6.708896044315493, 6.420380287480494, 6.414137152063717, 6.435231353303939, 6.4681488912497676, 5.408747357473566, 4.838355324511889, 6.342495966242567], "behavior": [8, 6, 6, 4, 6], "review_text": "This is unusable! The lag is so bad that it takes five seconds just to register a single button press."}