{"logs": [2.273472551942164, 1.5997435640190716, 1.6984428414548063, 3.3321819689699135, 2.256718647145488, 3.0032172700830086, 3.309700484122903, 1.7964820411270859, 1.5393713418968469, 2.7942102471230954], "behavior": [1, 2, 2, 0, 2], "review_text": "A decent effort, but I feel like some of the advanced features are hidden too deep in the settings."}