{"logs": [4.201683127993533, 4.798509837305883, 6.809775009822838, 6.322183467931065, 6.75561879443558, 6.0725230420982985, 5.779689567461453, 6.690182905914428, 4.5310174008039255, 4.7301539373111705], "behavior": [5, 5, 3, 3, 4], "review_text": "I've lost my data twice now because the app closed unexpectedly. I would not recommend this to anyone."}