{"logs": [0.8369156956663012, 0.48006540378078233, 0.5857260968368753, 0.6196946015671237, 0.6228637817491874, 0.6037715003019463, 0.9020368045867179, 0.6831326853771791, 0.8707148122235531, 0.30299858186352113], "behavior": [0, 0, 0, 0, 0], "review_text": "I love how the app anticipates what I need next; the predictive features are actually helpful for once."}