{"logs": [0.7074228113449325, 0.22452711148941884, 0.8130009735285741, 0.94074015269736, 0.7410550744372144, 0.24571369557255893, 0.3012258560753898, 0.6987280687186009, 0.508472404958489, 0.7719174320532036], "behavior": [0, 0, 0, 0, 0], "review_text": "The haptic feedback and loading animations make the whole experience feel premium and high-end."}