{"logs": [4.309067188380189, 4.224676779950374, 6.819916630514551, 4.506423820130454, 5.866602220526911, 4.3264588433040645, 6.588699007818558, 5.394742050043721, 5.279060951676262, 6.923049463354358], "behavior": [7, 3, 5, 5, 4], "review_text": "The performance is abysmal. It feels like I'm running this on a ten-year-old phone even though I have a flagship."}