{"logs": [5.212836736608532, 4.451183188598828, 6.897629584212795, 5.455274623072107, 5.006353837533255, 5.151815855363461, 4.43485706386058, 5.950180653740241, 4.805679445298315, 4.692495518878483], "behavior": [7, 4, 5, 6, 8], "review_text": "The UI is a disaster. I can't find anything and the constant loading spinners are driving me crazy."}