{"logs": [2.123876786003823, 2.825240503418221, 2.7703847632130674, 2.9818032695171093, 2.562242267457999, 1.7666690555143678, 1.5832587214239724, 3.1851798108257032, 1.9755547123313324, 1.8596736498532231], "behavior": [1, 1, 1, 2, 2], "review_text": "I like the features provided, but the loading times could definitely be improved in the next update."}