{"logs": [0.2364019274755035, 0.38697000984170393, 0.6654771863579765, 0.11705716739020854, 0.8426595450270027, 0.32866963452354025, 0.5858061009444745, 0.9251813431691546, 0.8148396933275271, 0.3390317652713889], "behavior": [0, 0, 0, 1, 0], "review_text": "Five stars! It's rare to find an app that is both feature-rich and this easy to navigate without a tutorial."}