{"logs": [2.4494637867011138, 3.2789164156086072, 2.4030398190497193, 3.1071162548593216, 2.203331511420398, 2.4175497805692516, 1.7910063326402712, 3.2379366146699615, 2.9474344709382727, 2.5393950014229256], "behavior": [0, 2, 2, 0, 1], "review_text": "A decent effort, but I feel like some of the advanced features are hidden too deep in the settings."}