{"logs": [4.07664955199943, 4.17317296651902, 4.620714987517166, 6.657122597143809, 5.504337108651533, 6.100175042428168, 5.7163068206493435, 5.343729008750249, 5.015792001555905, 4.8174680418914635], "behavior": [7, 4, 8, 4, 3], "review_text": "I hate how complicated they made the login process. It's like they want to make it hard for users to get in."}