{"logs": [0.4436695912429717, 0.24824301036179347, 0.27651763718618394, 0.9217615069984468, 0.15350346178121096, 0.9997445049462348, 0.6390846611263049, 0.9586656419698314, 0.7400511298399686, 0.7343566089391317], "behavior": [0, 0, 0, 0, 0], "review_text": "The integration with my other services is seamless. I didn't hit a single roadblock during the setup phase."}