{"logs": [5.795826453656003, 5.46239977671572, 6.373887496347378, 6.045340664472305, 6.998283202013859, 5.06512364696958, 4.892982102073719, 6.947664399259505, 6.301834158908733, 6.814812040374207], "behavior": [7, 7, 4, 3, 5], "review_text": "I'm uninstalling this immediately. The level of frustration this app causes is simply not worth the features."}