{"logs": [0.8339970286869371, 0.9076141860855067, 0.5230781508584427, 0.9838364218565914, 0.6843798463797586, 0.4353191780907345, 0.45784629849154834, 0.5370536196487928, 0.895986064536996, 0.32158400575931295], "behavior": [0, 0, 0, 0, 0], "review_text": "Super satisfied with the speed of this tool. It saves me at least twenty minutes of work every single day."}