{"logs": [2.5213647168859388, 3.4709966213700576, 2.730651148581477, 2.0875309016954526, 3.469013140701279, 3.401273033294083, 2.401214393101004, 2.4173027597763124, 1.86722297189108, 2.728007509962864], "behavior": [0, 1, 0, 0, 1], "review_text": "A few glitches but works."}