{"logs": [0.15745397140749504, 0.751193738653271, 0.15639145733937032, 0.4918545720667524, 0.34868278295859084, 0.44985497465554536, 0.8395548897775502, 0.5031435086233571, 0.37294952217089383, 0.449022996147294], "behavior": [0, 0, 0, 0, 0], "review_text": "I've recommended this to all my colleagues. The reliability and clean aesthetic are simply unmatched."}