{"logs": [6.457254635774355, 4.971173400668224, 5.744322060458059, 4.644531748353724, 4.708775381836089, 4.703909917504267, 4.811745258702234, 4.058835706701006, 5.051053673968164, 4.002900095149249], "behavior": [3, 5, 4, 4, 6], "review_text": "Too slow!"}