{"logs": [0.20380970176349333, 0.27700917309945133, 0.32998939231340496, 0.3627081252455626, 0.8803967293626134, 0.30228318827089407, 0.362722192909949, 0.6628595340826338, 0.9336963860294125, 0.37317506901229736], "behavior": [0, 0, 0, 1, 0], "review_text": "The haptic feedback and loading animations make the whole experience feel premium and high-end."}