{"logs": [0.712110215758454, 0.6531240917779804, 0.6769615468923452, 0.12216231204107249, 0.45925779073768525, 0.6375212342643776, 0.23537631995751407, 0.6532039428448284, 0.38992424349994326, 0.24710052525853354], "behavior": [0, 0, 0, 0, 0], "review_text": "Very fast."}