{"logs": [6.8765023498994715, 5.434746313702996, 5.59676759070031, 4.759347024489551, 6.752671115489139, 4.751149589281635, 5.249824081441348, 4.4755583946174, 5.995703205921007, 4.258719146094377], "behavior": [7, 3, 5, 3, 8], "review_text": "Total waste of time. The app froze during a critical task and I had to restart my phone to get it working again."}