{"logs": [6.081529478102792, 6.652000712059101, 5.607056580851657, 5.231332298005822, 4.574066200646202, 6.612819426718676, 6.170607935211027, 6.389713405450713, 5.31412209237674, 6.444206811521669], "behavior": [5, 4, 6, 5, 5], "review_text": "I've lost my data twice now because the app closed unexpectedly. I would not recommend this to anyone."}