{"logs": [6.786021265039591, 4.459506848379004, 4.469685655141916, 6.449844285023756, 5.3431265213122074, 5.5330748565342525, 6.657082126588312, 4.311040591161783, 4.03955987339272, 5.334938864502199], "behavior": [3, 3, 6, 6, 4], "review_text": "The performance is abysmal. It feels like I'm running this on a ten-year-old phone even though I have a flagship."}