{"logs": [1.7189015405080588, 1.6457015286326038, 3.3463807551399682, 1.561004069621001, 1.6584744495983352, 1.78868172471969, 2.3944164698140993, 3.408399102290674, 2.9769269740138675, 2.462379826202989], "behavior": [1, 0, 0, 2, 0], "review_text": "The recent update fixed some bugs, but it also introduced a bit of lag that wasn't there before."}