{"logs": [3.380983137649668, 2.2156956115140387, 2.4816499005691472, 3.037413893031914, 1.723743390458426, 3.1365204757675897, 3.328565956415188, 1.963205330617322, 1.511966560780444, 3.337780798784273], "behavior": [1, 2, 1, 0, 0], "review_text": "A decent effort, but I feel like some of the advanced features are hidden too deep in the settings."}