{"logs": [0.6215959411086065, 0.6273756480084153, 0.34119455710009755, 0.5385636006339658, 0.5441354031494174, 0.633383791863498, 0.6992201481387119, 0.15337321205928198, 0.9774516859712707, 0.1309348157188169], "behavior": [0, 0, 0, 0, 0], "review_text": "Very fast."}