{"logs": [1.9141436715974136, 2.581560922681052, 2.578941264238612, 1.5234616918578006, 1.687877631479943, 2.8846445127116658, 2.0704496970516226, 3.450222285211762, 2.857839275811312, 2.0174999169926116], "behavior": [0, 1, 0, 2, 0], "review_text": "I have mixed feelings; the core functionality is great but the secondary features feel half-baked."}