{"logs": [0.6065727949610855, 0.46453577309363914, 0.9119445699219958, 0.4895814774982691, 0.4663336193133042, 0.8390014804785346, 0.6423184201691697, 0.3084325242094643, 0.7437354426758602, 0.7286392844956621], "behavior": [0, 0, 0, 0, 0], "review_text": "Smooth as butter!"}