{"logs": [0.6779772765014697, 0.5990247034612354, 0.9971589339657739, 0.8521234762455543, 0.6764625127428111, 0.5652375549473841, 0.9238376749836112, 0.6120788444422679, 0.671899665434332, 0.48778362082208615], "behavior": [0, 0, 0, 0, 0], "review_text": "Super satisfied with the speed of this tool. It saves me at least twenty minutes of work every single day."}