{"logs": [3.3176395331559565, 3.1080820668045197, 3.3896870803947303, 2.4671998562293584, 1.8205928491589045, 2.136522685493717, 2.9203392925518292, 2.276666136979825, 2.9004697596626086, 2.68967164866147], "behavior": [2, 2, 0, 2, 2], "review_text": "I have mixed feelings; the core functionality is great but the secondary features feel half-baked."}