{"logs": [6.401123318972308, 6.118535061648959, 5.029175825878322, 4.023483590316823, 5.179021395136312, 6.253545488076526, 5.810942304780587, 6.152186238463696, 4.007895662025206, 4.01427733645412], "behavior": [8, 8, 6, 3, 3], "review_text": "Worst update ever. Everything was working fine until yesterday, now it's just a buggy mess."}