{"logs": [5.10248317314824, 6.959185726105371, 4.663496098818712, 4.582386118859509, 6.721867473477503, 5.25962936569933, 4.38170679565494, 6.692167370830431, 4.684534491022688, 4.298606953696565], "behavior": [4, 4, 6, 4, 7], "review_text": "The UI is a disaster. I can't find anything and the constant loading spinners are driving me crazy."}