{"logs": [4.015019266390393, 6.044538361807486, 6.418887641780858, 6.8491090919767785, 5.6058192492497785, 6.984572647949369, 5.431363719841482, 5.201504012539034, 5.796522712456098, 5.783106625204725], "behavior": [5, 8, 4, 8, 3], "review_text": "I hate how complicated they made the login process. It's like they want to make it hard for users to get in."}