{"logs": [4.3726481198180185, 4.362584209098086, 5.467862069747127, 5.735436786194504, 5.751643607743153, 4.397410294871921, 4.153686443227463, 5.373035554394212, 6.713455174219498, 4.94844241721845], "behavior": [5, 6, 3, 3, 3], "review_text": "Worst app ever."}