{"logs": [0.5181738932711162, 0.9201712610704649, 0.3805911434975441, 0.6990466393650682, 0.13564230791441018, 0.7888453901246538, 0.5000435144212882, 0.6907416322630655, 0.7001836494906604, 0.4092863807188434], "behavior": [0, 0, 0, 0, 0], "review_text": "Five stars! It's rare to find an app that is both feature-rich and this easy to navigate without a tutorial."}