{"logs": [2.676960681501022, 1.574744929273821, 2.450334278867797, 1.9025312491332727, 2.9505346445280436, 2.103256352030024, 2.5429053831099937, 2.6561171744597334, 2.08626331452579, 1.5049518271202231], "behavior": [1, 0, 2, 0, 0], "review_text": "The recent update fixed some bugs, but it also introduced a bit of lag that wasn't there before."}