{"logs": [2.1350403513482425, 2.312389515678064, 2.1651294880971226, 3.4380491208230337, 1.69400421046785, 2.595874232185688, 2.925035219943035, 2.906581447507262, 3.292895455378657, 2.7734954275117936], "behavior": [0, 1, 2, 1, 1], "review_text": "The interface is fine, but some of the buttons are a bit too small for easy tapping on my device."}