{"logs": [2.2704181890245785, 2.8130018877222867, 3.1684897879978404, 2.2068486312923934, 1.5383443126362393, 2.158501424861452, 3.067131087493739, 2.3155166261784954, 2.0484144816171965, 2.350224285772921], "behavior": [2, 0, 1, 1, 2], "review_text": "The app is okay, but I've seen better designs elsewhere. It's functional but lacks that 'wow' factor."}