{"logs": [4.112619206911752, 4.048049724123069, 5.030584482824966, 6.472427680604679, 4.436512943038403, 6.526562441943647, 6.619400532232156, 6.373372601724144, 5.7664969875019505, 6.426432008181802], "behavior": [4, 5, 5, 3, 3], "review_text": "The performance is abysmal. It feels like I'm running this on a ten-year-old phone even though I have a flagship."}