{"logs": [2.1345493925814782, 1.788854465504943, 3.0328043063333094, 3.1050003989287687, 2.815777040280421, 3.281473742580845, 2.6435262277445846, 3.4378787902524777, 2.452014454742983, 1.7389855273156014], "behavior": [2, 0, 1, 0, 1], "review_text": "The app is okay, but I've seen better designs elsewhere. It's functional but lacks that 'wow' factor."}