{"logs": [0.7141859087584022, 0.369662469704619, 0.9628374300826338, 0.6807980058180382, 0.5379338622426985, 0.7306971247374515, 0.8867435887977465, 0.43432373852679385, 0.4113438596399247, 0.6317736000549666], "behavior": [0, 0, 0, 0, 0], "review_text": "Finally an app that doesn't drain my battery while providing such a smooth and responsive interface!"}