{"logs": [2.1996494182761417, 1.5573141418697098, 2.514554140013776, 2.2231816168237044, 3.202897849724782, 3.333029754885879, 3.1051293155930964, 1.7453977486931496, 2.4156714196749416, 2.2901360357026146], "behavior": [0, 2, 0, 1, 2], "review_text": "I have mixed feelings; the core functionality is great but the secondary features feel half-baked."}