{"logs": [2.569228785234708, 2.48301636766105, 2.4599912903248917, 3.355374850800609, 1.838037169570821, 1.9328783755450123, 2.1325118747766343, 1.5382362771965703, 1.885950518121093, 2.0390433046269543], "behavior": [0, 1, 0, 1, 0], "review_text": "I like the features provided, but the loading times could definitely be improved in the next update."}