{"logs": [0.3043023438425682, 0.9104760656026728, 0.28248498347129414, 0.8968601941134495, 0.710167860015911, 0.7129094230140539, 0.6200234565976209, 0.20823957783657038, 0.3743481099264795, 0.20424752692787201], "behavior": [0, 0, 0, 1, 0], "review_text": "This app has completely changed how I manage my daily tasks; the UI is incredibly intuitive and snappy."}