{"logs": [0.44606072310354405, 0.5292680407025873, 0.3089132116006188, 0.2457133021046012, 0.27327491510358914, 0.1220980992790173, 0.5803414561263809, 0.528364763532195, 0.2323817941136417, 0.543014725886134], "behavior": [0, 0, 0, 0, 0], "review_text": "Super satisfied with the speed of this tool. It saves me at least twenty minutes of work every single day."}