{"logs": [0.23585547553797273, 0.46428679193243205, 0.6131886856517945, 0.6803480177053206, 0.13759334006349844, 0.20351582464903145, 0.13100844276869622, 0.20872015429528007, 0.7630998698874768, 0.3325447239932363], "behavior": [0, 0, 0, 0, 0], "review_text": "I love how the app anticipates what I need next; the predictive features are actually helpful for once."}