{"logs": [2.8104807701568797, 2.6520123384971095, 2.804476073688393, 3.111093651992001, 2.371430276356107, 2.5243346081923086, 2.2815464007114397, 2.6722332715412493, 1.7963332298403811, 3.1047250941832054], "behavior": [1, 1, 2, 1, 1], "review_text": "A few glitches but works."}