{"logs": [0.5292863643524431, 0.5990704087494073, 0.7482880449104754, 0.25598547242037695, 0.22027379721365947, 0.39020355435287046, 0.6351916931545162, 0.9908421267437035, 0.7028753953280606, 0.12844799821565955], "behavior": [0, 0, 0, 0, 0], "review_text": "Finally an app that doesn't drain my battery while providing such a smooth and responsive interface!"}