{"logs": [2.4414856670955487, 2.6230252023821707, 1.5877899207746171, 2.60269970921894, 1.6004259937247098, 2.8195392139571434, 1.5733278008691152, 2.368082058148943, 2.0698913431696138, 2.0153595756296285], "behavior": [2, 2, 0, 1, 2], "review_text": "The app performs okay most of the time, though it occasionally feels a bit sluggish under heavy use."}