{"logs": [2.4352404264466916, 3.1036458987327586, 1.9260340619641383, 2.829905819455424, 1.702025196595169, 2.5643427525759885, 3.0759387743837827, 2.3995626003956385, 2.683397422842434, 1.6581613393703782], "behavior": [0, 2, 1, 2, 0], "review_text": "A few glitches but works."}