{"logs": [2.109534772754073, 2.2264697657860477, 2.2217228982900608, 1.8047311400993886, 1.6535993434188379, 3.1021865235844217, 2.4419028598953347, 2.4024346902325844, 1.9301769678586345, 2.1338697019983597], "behavior": [0, 2, 2, 1, 0], "review_text": "I have mixed feelings; the core functionality is great but the secondary features feel half-baked."}