{"logs": [6.701634111083379, 4.692293378759961, 5.623849052704303, 4.0933748643578785, 5.920836535395256, 6.424625752583172, 6.518772126839748, 5.617365817370149, 4.659675202910565, 6.25825338979034], "behavior": [7, 8, 3, 8, 3], "review_text": "The navigation is a labyrinth. I spent ten minutes just trying to find the settings page. Terrible UX."}