{"logs": [0.1549758422012556, 0.6052199891552974, 0.3348299048712156, 0.12590241053559556, 0.4717214173018739, 0.6479988704300508, 0.6881925859545123, 0.27382627266527576, 0.33592001044038744, 0.4379232633329053], "behavior": [0, 0, 0, 0, 0], "review_text": "The haptic feedback and loading animations make the whole experience feel premium and high-end."}