{"logs": [0.37679066682974227, 0.324072870571821, 0.18902646530480238, 0.27178434398964296, 0.16200365860512886, 0.7517006193394076, 0.4812376069287362, 0.8100760292194051, 0.21636534855708914, 0.46569222871138805], "behavior": [0, 0, 0, 1, 0], "review_text": "Absolutely love the dark mode implementation! It's clear the developers put a lot of thought into the user experience."}