{"logs": [6.469725884954387, 4.197992749915009, 5.484441196511575, 5.403193539826944, 4.567022611032358, 6.913699880386577, 6.337047003883404, 6.550870464276642, 5.436363767181641, 6.2615375237184026], "behavior": [7, 5, 5, 4, 5], "review_text": "The navigation is a labyrinth. I spent ten minutes just trying to find the settings page. Terrible UX."}