{"logs": [0.10776658308562531, 0.9770403916495883, 0.11828112587620643, 0.2658382024866808, 0.5034912916792297, 0.5865588681273564, 0.20801009280599825, 0.8043041468337387, 0.8467206934771011, 0.49203249035628616], "behavior": [0, 0, 0, 0, 0], "review_text": "The integration with my other services is seamless. I didn't hit a single roadblock during the setup phase."}