{"logs": [5.341559506502345, 5.743008908919356, 4.01919046966116, 4.340738966309014, 6.716004619713466, 4.841178174303508, 4.785245439376289, 5.347635890970283, 4.707392497696438, 4.099116345002075], "behavior": [6, 4, 4, 6, 3], "review_text": "Avoid this app at all costs. It's slow, bloated, and crashes at least three times every hour."}