{"logs": [5.437211598759115, 4.532657416807973, 4.159786413547884, 6.468399624686382, 4.535219984927811, 6.745468626142651, 6.027765086466166, 6.4145445375874, 4.724727093563266, 5.184635989106007], "behavior": [5, 5, 5, 7, 4], "review_text": "The UI is a disaster. I can't find anything and the constant loading spinners are driving me crazy."}