{"logs": [3.1341005292471746, 2.912211460344472, 2.3380847933026248, 2.460011968327881, 3.481998726752676, 3.436256633592241, 3.3441099588895478, 3.3265107214883893, 2.0608871177406067, 2.61974044565805], "behavior": [1, 2, 0, 1, 2], "review_text": "Good app overall, but the notification system is a bit overwhelming and hard to customize."}