{"logs": [4.4080663613757665, 4.218163949383381, 5.790917146992152, 4.03016226570519, 6.988334769112397, 4.565519211082862, 5.0322727729700425, 4.191450284139139, 6.073352797768974, 6.801874093719542], "behavior": [5, 8, 7, 7, 3], "review_text": "I am extremely disappointed. The app keeps crashing every time I try to open the main dashboard."}