{"logs": [6.130041942310454, 5.701793339120149, 6.058262155134192, 5.078516978206199, 6.299188914206522, 4.567005219562334, 6.957280279942552, 4.734540343329645, 4.630918079160392, 5.820830292597867], "behavior": [8, 3, 6, 6, 6], "review_text": "I've lost my data twice now because the app closed unexpectedly. I would not recommend this to anyone."}