{"logs": [0.25530748581807006, 0.9414807326341188, 0.33615148042338283, 0.2668789708788869, 0.31947204464060386, 0.42544655994106095, 0.5082639463955543, 0.6814647855065822, 0.45005814606760774, 0.2132952935638806], "behavior": [0, 0, 0, 1, 0], "review_text": "I love how the app anticipates what I need next; the predictive features are actually helpful for once."}