{"logs": [0.5580474092003029, 0.5482070486172044, 0.8560544267705515, 0.8000373735676152, 0.9663835073438491, 0.6655893174710915, 0.58421387241053, 0.9952926074323559, 0.9672917415489061, 0.708705122041393], "behavior": [0, 0, 0, 0, 0], "review_text": "Brilliant execution on the user interface; it's very accessible and everything is exactly where it should be."}