{"logs": [0.3149186180894829, 0.6190303436089442, 0.9564294885750958, 0.6641833203751858, 0.5233413937137242, 0.8114947472025752, 0.14765881139901077, 0.43761942525462627, 0.5215601693009728, 0.2608737651851075], "behavior": [0, 0, 0, 1, 0], "review_text": "This is hands down the best app in its category. The transitions are fluid and the design is very modern."}