{"logs": [4.9841510298845355, 6.706468236120767, 4.4773768401841725, 5.524034626018846, 6.991726524571989, 4.134040521606725, 6.636371051710204, 6.887243528479694, 6.738819066991184, 6.069007987273996], "behavior": [4, 3, 8, 3, 8], "review_text": "This is unusable! The lag is so bad that it takes five seconds just to register a single button press."}