{"logs": [5.499835386026842, 5.1551280148242125, 5.408683451591527, 5.745284349417382, 6.398441478569977, 4.711369173919558, 6.903839766600688, 4.371791999604489, 5.688092714687723, 4.920430941397681], "behavior": [4, 4, 5, 7, 7], "review_text": "Nothing works! I've tried reinstalling three times but the crashing issue still persists on the home screen."}