{"logs": [1.5515506240920522, 2.8929925803929724, 3.469256098049642, 2.4228422048124276, 1.9825044354905381, 2.1321510929018004, 3.4367833806570403, 2.1585880821335053, 3.0596459579880424, 3.062955915747107], "behavior": [1, 0, 0, 1, 0], "review_text": "It's a solid app, but it crashed once when I was trying to upload a large file earlier today."}