{"logs": [4.67439083415825, 5.0896453473972505, 5.864227915062367, 4.0562395231681245, 6.214702214103443, 5.762502274785671, 6.4124267622227125, 4.164152548432578, 6.585021748868234, 4.200202684135677], "behavior": [7, 6, 4, 3, 5], "review_text": "Avoid this app at all costs. It's slow, bloated, and crashes at least three times every hour."}