{"logs": [1.8096741012347854, 1.8792816093940683, 3.3132130559194595, 2.5070763105732006, 2.1980451403794454, 1.5275208474742155, 2.8425400261284537, 2.823326004730725, 2.222028657231352, 1.7077738324172578], "behavior": [2, 2, 0, 0, 2], "review_text": "The recent update fixed some bugs, but it also introduced a bit of lag that wasn't there before."}