{"logs": [3.2622295670651518, 2.635938129788545, 1.584395970899829, 2.585898484148391, 3.3965735308000227, 1.5048375734631791, 1.5372173191873042, 2.1793509499651895, 2.7189058262989487, 1.518258450082672], "behavior": [1, 2, 1, 1, 2], "review_text": "It's a solid app, but it crashed once when I was trying to upload a large file earlier today."}