{"logs": [0.6464622173117096, 0.5585070476267611, 0.5451819287992158, 0.604782779537522, 0.4629491719581502, 0.23099062125869682, 0.28720124256917884, 0.2861507116586811, 0.5778266078307747, 0.17385308865226734], "behavior": [0, 0, 0, 1, 0], "review_text": "Everything works exactly as expected. It's refreshing to use a piece of software that just works perfectly."}