{"logs": [0.8950156470092661, 0.8694558308423577, 0.23590480449989965, 0.40065329145008377, 0.9782977120307297, 0.7923200649504918, 0.32609136164684144, 0.2672199189579294, 0.4989717861801921, 0.17505558071690686], "behavior": [0, 0, 0, 0, 0], "review_text": "I've recommended this to all my colleagues. The reliability and clean aesthetic are simply unmatched."}