{"logs": [3.3014310048272475, 3.311271312888667, 2.5679780265950143, 2.061620966573616, 1.7363032555829963, 3.4351145789157735, 1.9290886920567547, 2.4610420489711533, 3.0442694737339013, 1.8995996673993243], "behavior": [1, 0, 0, 0, 2], "review_text": "The recent update fixed some bugs, but it also introduced a bit of lag that wasn't there before."}