{"logs": [2.995068329577446, 2.5201114713391446, 1.7060075569247715, 2.879316192948987, 1.7834264378092712, 2.841279266569004, 2.1689556008343915, 2.0877214535117212, 2.2519637224561326, 2.49717864209412], "behavior": [2, 1, 2, 1, 0], "review_text": "I'm satisfied for now, but I hope they fix the occasional freezing that happens on the home screen."}