{"logs": [2.8180731131512315, 3.2945924725910682, 1.523837987312251, 2.361648664643422, 1.9355201298092677, 1.6799891785846695, 1.5783327563603011, 3.080357922770851, 2.400590532558783, 2.4998852227767427], "behavior": [1, 0, 1, 1, 0], "review_text": "A few glitches but works."}