{"logs": [1.8442922400977328, 2.040343047044672, 2.1236710354661925, 1.8483275501655163, 3.374384987060702, 2.753757062549854, 2.561494667623699, 2.2859107884049825, 3.2304650909881385, 2.3014392302290414], "behavior": [2, 0, 1, 0, 0], "review_text": "The app performs okay most of the time, though it occasionally feels a bit sluggish under heavy use."}