{"logs": [3.2722736836290665, 1.9934812114268379, 2.4835959071379623, 2.2981075912301074, 2.0026166426808705, 2.563270868090876, 3.4864488512413745, 1.7955149630589433, 1.5837350244604071, 2.9364129054237242], "behavior": [2, 2, 1, 0, 2], "review_text": "It's fine for occasional use, but I wouldn't rely on it for anything mission-critical just yet."}