{"logs": [0.5074438249565324, 0.7941256276507274, 0.9586053124387199, 0.21074419406877926, 0.14254864612283352, 0.3415876665947061, 0.44082235837348804, 0.5470499803258341, 0.8108936825777918, 0.7834124863072085], "behavior": [0, 0, 0, 0, 0], "review_text": "I'm really impressed with the latest update, the navigation feels much smoother than the previous version."}