{"logs": [0.43315114956522704, 0.8862989669402475, 0.299470383771909, 0.461320625327693, 0.8664017627609484, 0.8235422466289234, 0.5088808884174608, 0.10357570251542537, 0.4667786820892834, 0.8482872322669286], "behavior": [0, 0, 0, 0, 0], "review_text": "Five stars! It's rare to find an app that is both feature-rich and this easy to navigate without a tutorial."}