{"logs": [4.3764218842379625, 5.286352571290097, 4.472017268681292, 5.1252710132771195, 5.96109673634464, 6.836064192946162, 5.554339396186986, 4.306691316041269, 5.658910398724631, 6.7791080298499775], "behavior": [6, 5, 5, 3, 6], "review_text": "The UI is a disaster. I can't find anything and the constant loading spinners are driving me crazy."}