{"logs": [0.2664438026952506, 0.6190960515049232, 0.6729013552638191, 0.6982553479310992, 0.33920867342111216, 0.7170879325660413, 0.9531560483401509, 0.5234836926747733, 0.8858237668834658, 0.12431081523729887], "behavior": [0, 0, 0, 1, 0], "review_text": "The integration with my other services is seamless. I didn't hit a single roadblock during the setup phase."}