{"logs": [2.9326383957836084, 2.550104654874422, 3.0114518996025557, 1.5167721834961676, 2.3653464852177253, 3.259577248930499, 1.8600388977312219, 3.0488455576416955, 2.6243023731232027, 3.032022690157432], "behavior": [1, 1, 0, 2, 2], "review_text": "The app is okay, but I've seen better designs elsewhere. It's functional but lacks that 'wow' factor."}