{"logs": [2.9177495181560786, 2.2877874031487035, 1.5746858987993126, 2.3123634409636855, 2.6614426138171807, 1.6208558903791084, 3.086840397630704, 2.122306826889193, 2.685716402904937, 1.9554983838915239], "behavior": [0, 0, 1, 2, 2], "review_text": "The interface is fine, but some of the buttons are a bit too small for easy tapping on my device."}