{"logs": [3.346562040436166, 3.2590230418450234, 3.2106544820978478, 1.694176739187294, 2.8357372834102303, 1.631547376321734, 3.489992968069521, 2.035293549404666, 2.3608422804283427, 2.810178622969463], "behavior": [2, 0, 0, 0, 2], "review_text": "I like the features provided, but the loading times could definitely be improved in the next update."}