{"logs": [5.799122229817421, 5.265615397419383, 6.594473243275591, 5.311944430911906, 4.571132523213116, 6.535045262080823, 5.309913340164338, 6.806609566009364, 5.066287052901102, 4.745814203457661], "behavior": [5, 3, 5, 6, 6], "review_text": "This is unusable! The lag is so bad that it takes five seconds just to register a single button press."}