{"logs": [6.1189731593575125, 6.094606164949665, 5.854535332721156, 5.9820688165144595, 5.293992188210291, 4.919145896836012, 5.115811029241764, 5.339730499310432, 6.78327937913045, 5.639390344874618], "behavior": [7, 8, 4, 4, 5], "review_text": "I'm tired of the 'Something went wrong' errors. Why can't this app just maintain a stable connection?"}