{"logs": [1.663291840913056, 2.8324354503397746, 2.9962464259623167, 2.7654284973097907, 2.332428026183117, 2.5963499853865724, 1.8224858527521564, 2.1910017294714415, 2.0259225003602044, 1.7498445771636901], "behavior": [2, 2, 0, 2, 1], "review_text": "It's fine for occasional use, but I wouldn't rely on it for anything mission-critical just yet."}