{"logs": [2.539218648036265, 2.383627049075132, 3.1781396539234823, 2.1931338099512914, 2.036767969978824, 2.5990178385757883, 3.3047833879936253, 2.686794361455066, 2.7085721434425523, 2.4899654086694043], "behavior": [0, 0, 1, 1, 0], "review_text": "I like the features provided, but the loading times could definitely be improved in the next update."}