{"logs": [1.8771099009201844, 3.3966145312034133, 3.009512379370655, 2.8712526852986775, 1.571316632751517, 2.3826993632415547, 3.494872291515555, 3.312456928592786, 2.39021195973974, 1.7661999877368344], "behavior": [0, 1, 1, 1, 2], "review_text": "A decent effort, but I feel like some of the advanced features are hidden too deep in the settings."}