{"logs": [4.455761059095892, 5.855929806357245, 4.440253960880807, 6.456079753560232, 4.063764632119485, 5.4490163857438745, 5.147363941721769, 6.388905706293944, 6.585021239915543, 6.40072391918203], "behavior": [6, 4, 8, 8, 7], "review_text": "I'm tired of the 'Something went wrong' errors. Why can't this app just maintain a stable connection?"}