{"logs": [6.423772676940837, 4.152330192501693, 6.540197772881797, 4.932996884625227, 5.236088761130514, 4.685014619861253, 6.614363737278028, 6.292386044603193, 5.793550145386694, 5.452135790275248], "behavior": [6, 7, 3, 8, 8], "review_text": "It keeps crashing!"}