{"logs": [4.038044566783495, 4.033318000568653, 5.192893475660738, 6.489379730379607, 6.32547977816985, 5.158320768185236, 4.856720787436455, 6.858209045152763, 4.870836208173088, 5.2680443916293695], "behavior": [7, 5, 8, 7, 7], "review_text": "The navigation is a labyrinth. I spent ten minutes just trying to find the settings page. Terrible UX."}