{"logs": [4.383209975313362, 6.93712429422755, 5.638740378034522, 4.334278943286698, 6.9724874568883575, 5.554896379607529, 4.544150796985052, 5.970988938433132, 6.458695478871932, 4.4001873097232265], "behavior": [3, 7, 5, 6, 8], "review_text": "Avoid this app at all costs. It's slow, bloated, and crashes at least three times every hour."}