{"logs": [6.454038719515766, 6.474244993007716, 6.564962322069345, 4.60618268722869, 6.948047807691092, 6.9446456138382, 6.6426512220376495, 5.66925336257865, 6.074050832739768, 5.228212456183723], "behavior": [8, 7, 7, 3, 6], "review_text": "The UI is a disaster. I can't find anything and the constant loading spinners are driving me crazy."}