{"logs": [0.24298398737896207, 0.9837265514251424, 0.6177797343134677, 0.3121683731203119, 0.666065138849716, 0.9496563021684882, 0.832410881144765, 0.40031539826736384, 0.34141880041671235, 0.4979704087529566], "behavior": [0, 0, 0, 0, 0], "review_text": "Absolutely love the dark mode implementation! It's clear the developers put a lot of thought into the user experience."}