{"logs": [5.014840444536224, 5.459051153869053, 6.887115436666994, 6.135021977142894, 4.671698195425259, 5.420302666567733, 5.5095390683937495, 4.581873905326422, 6.5525763629924985, 5.418448285494703], "behavior": [5, 7, 7, 5, 3], "review_text": "I keep clicking buttons and nothing happens. It's like the app isn't even registering my inputs correctly."}