{"logs": [3.0329124117574437, 2.9335194669988107, 2.5196800341644563, 3.354263266871019, 1.7361588760490914, 1.6516797422731848, 3.4736385971838555, 2.5092695536953356, 2.1251060734853153, 2.2228084635090797], "behavior": [2, 0, 2, 1, 1], "review_text": "I'm satisfied for now, but I hope they fix the occasional freezing that happens on the home screen."}