{"logs": [0.8339178315669316, 0.7172673116247407, 0.2709148747064268, 0.60575518013654, 0.603131177081095, 0.7308564290575751, 0.13991123828259944, 0.3463161017270072, 0.6579509322502572, 0.2804784625885381], "behavior": [0, 0, 0, 0, 0], "review_text": "I love how the app anticipates what I need next; the predictive features are actually helpful for once."}