{"logs": [2.084084124096127, 2.510466439141796, 3.070408813992938, 2.533166762629902, 1.89717518242459, 2.224457692997075, 2.005545513540505, 3.4723411380985403, 2.9259644053854696, 3.1961337469345548], "behavior": [0, 1, 1, 0, 1], "review_text": "I have mixed feelings; the core functionality is great but the secondary features feel half-baked."}