{"logs": [2.1776850669590377, 1.5877894292074306, 1.7803600371746249, 2.481036360597118, 3.0491555843784357, 1.9756984458805766, 3.2003862767051467, 1.540381290890941, 2.6273598635050166, 2.43409397973163], "behavior": [0, 2, 2, 1, 2], "review_text": "I'm satisfied for now, but I hope they fix the occasional freezing that happens on the home screen."}