{"logs": [0.2064633959043609, 0.4555259639959939, 0.5614687382872477, 0.1364942472173133, 0.5862532629419631, 0.940888545512483, 0.7932912194463859, 0.48489594253672386, 0.40944610189489383, 0.8464517827879303], "behavior": [0, 0, 0, 0, 0], "review_text": "Everything works exactly as expected. It's refreshing to use a piece of software that just works perfectly."}