{"logs": [4.512447227939816, 6.387869802963241, 5.712325356928314, 5.215265103709074, 5.680973512722536, 6.592332973312953, 5.74760589945967, 5.580126234281453, 4.5230959866119145, 4.795689930738806], "behavior": [5, 7, 7, 7, 3], "review_text": "Worst update ever. Everything was working fine until yesterday, now it's just a buggy mess."}