{"logs": [2.687701932992156, 1.6474403180006383, 1.8437913296124853, 3.063441458698035, 3.0459236366936393, 1.6978098443528313, 2.3305976594921516, 3.075129674055354, 2.8287905024938804, 2.931210846130208], "behavior": [1, 2, 1, 2, 1], "review_text": "The app is decent for basic use, but I find the menu layout a bit confusing at times."}