{"logs": [0.31046774709130326, 0.38094010083778096, 0.3491060819245339, 0.4465332764544846, 0.5353017353158083, 0.8804480741190387, 0.8745114261657934, 0.17566676294562658, 0.5418051889628337, 0.6858013361746228], "behavior": [0, 0, 0, 1, 0], "review_text": "I've recommended this to all my colleagues. The reliability and clean aesthetic are simply unmatched."}