{"logs": [1.9257876570352728, 3.430800937626808, 1.8622033113948095, 2.6867544531434904, 2.106559007292943, 3.4531919518605605, 3.1258615183341067, 1.9262286320028894, 2.924884823931539, 1.6599642710232865], "behavior": [2, 0, 1, 1, 2], "review_text": "Average."}