{"logs": [5.675140869972311, 6.163080393195061, 6.6937276104395975, 4.16544298815382, 5.903954199220124, 6.681382583977372, 5.886948367782676, 4.330667058376915, 4.272578298314525, 4.605973566551761], "behavior": [7, 8, 4, 7, 4], "review_text": "The constant stuttering and visual glitches make the app feel very cheap and poorly developed."}