{"logs": [5.075554739683781, 6.932225580627167, 6.165243486647577, 4.104342348966738, 4.531117706206436, 5.546918474060714, 5.924285645055917, 4.756577110673301, 6.888955965687682, 4.723605633472416], "behavior": [6, 8, 4, 3, 4], "review_text": "The navigation is a labyrinth. I spent ten minutes just trying to find the settings page. Terrible UX."}