{"logs": [0.8728278790674225, 0.9249922459401227, 0.9074779050955195, 0.9381062728038486, 0.9949475365315164, 0.5185817568558673, 0.6961788827966953, 0.8614520532718489, 0.1901100923838382, 0.7430032402641603], "behavior": [0, 0, 0, 0, 0], "review_text": "I'm really impressed with the latest update, the navigation feels much smoother than the previous version."}