{"logs": [1.5283801808131865, 3.4014754853054594, 3.393308907154945, 2.272641323193317, 2.6138559695850105, 1.8125255284067538, 2.1207716577361757, 1.602062915228513, 2.4396669717947583, 2.3135151838848422], "behavior": [2, 1, 1, 1, 2], "review_text": "The app is decent for basic use, but I find the menu layout a bit confusing at times."}