{"logs": [0.2611123023943296, 0.6940883333056797, 0.733838352666236, 0.49257616849836783, 0.1389341892809498, 0.3475134000281652, 0.6948772978173368, 0.6736094423820252, 0.9230288777331883, 0.6610755672029549], "behavior": [0, 0, 0, 0, 0], "review_text": "I'm really impressed with the latest update, the navigation feels much smoother than the previous version."}