{"logs": [0.4699470849742191, 0.5045049121724096, 0.4853736105006483, 0.10254324975355072, 0.9479082454409679, 0.12523999773580227, 0.831295708467107, 0.201275718620277, 0.42693252265399917, 0.120023477340149], "behavior": [0, 0, 0, 0, 0], "review_text": "This app has completely changed how I manage my daily tasks; the UI is incredibly intuitive and snappy."}