{"logs": [0.8431985989720711, 0.28155327120507734, 0.9648216196473484, 0.9299094187879328, 0.8768445388655997, 0.3023553012123867, 0.10440455376949843, 0.19931043464571324, 0.2698617445630247, 0.4751782805223137], "behavior": [0, 0, 0, 0, 0], "review_text": "Amazing UI."}