{"logs": [6.235531336849677, 5.018875161405674, 5.655997535040425, 4.581260385894106, 6.581705674016568, 4.597813210249688, 6.151965807321934, 4.581825912018182, 6.481061588497996, 4.1058874858514365], "behavior": [5, 4, 4, 3, 8], "review_text": "Total waste of time. The app froze during a critical task and I had to restart my phone to get it working again."}