{"logs": [0.2544699397364687, 0.9846547523516876, 0.4533839451167406, 0.6215879901392579, 0.7456421657965238, 0.5896163879136689, 0.9765858516637413, 0.39339919487513586, 0.30155234084945925, 0.1067310389242092], "behavior": [0, 0, 0, 0, 0], "review_text": "The integration with my other services is seamless. I didn't hit a single roadblock during the setup phase."}