{"logs": [0.40989248670260114, 0.8674955938634753, 0.8111082184085634, 0.9444233261367545, 0.989909644394553, 0.9740915774135467, 0.6732356255749746, 0.7762184090304622, 0.3494914378924521, 0.9827017265107932], "behavior": [0, 0, 0, 0, 0], "review_text": "Five stars! It's rare to find an app that is both feature-rich and this easy to navigate without a tutorial."}