{"logs": [1.5369481676668433, 3.3572391164827833, 2.4752169193058253, 2.72376394244243, 2.6441339684450216, 2.537003334236707, 2.2891398865752306, 2.6521185541423478, 2.3447107020269833, 2.984464618749788], "behavior": [2, 2, 0, 1, 1], "review_text": "I'm satisfied for now, but I hope they fix the occasional freezing that happens on the home screen."}