{"logs": [3.422502201028079, 1.8845928695580174, 3.263137335223753, 1.5687099142454972, 2.7780092551591986, 2.103624820947817, 1.9275163014436316, 2.7060487723788, 2.4410953074267723, 2.8652233529832634], "behavior": [2, 2, 1, 2, 2], "review_text": "It's fine for occasional use, but I wouldn't rely on it for anything mission-critical just yet."}