{"logs": [4.928291682794583, 4.47237661113255, 5.252174933554542, 5.853074126939366, 6.6521895587371995, 5.884838756632064, 4.461106529018814, 5.040627605456475, 5.754276284095269, 6.8802446986777], "behavior": [8, 6, 6, 6, 4], "review_text": "Worst update ever. Everything was working fine until yesterday, now it's just a buggy mess."}