{"logs": [0.3325081513823744, 0.29229593904676004, 0.19871706291381858, 0.6268816663446376, 0.4619419688439206, 0.687980831165898, 0.2295989618104337, 0.413190623995492, 0.49355255845183654, 0.67091217820319], "behavior": [0, 0, 0, 1, 0], "review_text": "Amazing UI."}