{"logs": [1.991360155347629, 1.7850969355093784, 2.8943203119061303, 2.189388548021448, 2.3528557168634157, 3.3144135483095507, 3.1746126267692745, 3.1655230688193754, 2.003127658692831, 2.1289962022427034], "behavior": [0, 0, 2, 2, 2], "review_text": "The app is okay, but I've seen better designs elsewhere. It's functional but lacks that 'wow' factor."}