{"logs": [5.407915537767272, 6.62596555203096, 4.765509790355664, 4.6306811172865565, 4.698015913611831, 6.796339847177104, 4.339541903415875, 4.843947316969634, 6.81395039124801, 5.040153843215855], "behavior": [7, 8, 6, 3, 3], "review_text": "It keeps crashing!"}