{"logs": [2.9092285157497573, 1.690642952966802, 2.707031235533443, 3.280754958955619, 3.22691864482612, 1.6863499652759846, 1.7786957407170871, 2.4616492824369343, 3.422986995895765, 3.433783285894984], "behavior": [1, 0, 2, 2, 0], "review_text": "The interface is fine, but some of the buttons are a bit too small for easy tapping on my device."}