{"logs": [5.90142065732362, 5.5307306861878525, 6.275277008583663, 4.906999929013374, 4.380928144116344, 6.920918888545755, 5.0577863806340115, 6.628406623747384, 4.286702403020275, 4.3017042111759665], "behavior": [4, 7, 5, 7, 8], "review_text": "I hate how complicated they made the login process. It's like they want to make it hard for users to get in."}