{"logs": [4.737962169661873, 5.193897102971874, 5.77216168534897, 6.8086566234013475, 6.3175828547672745, 4.135708259291967, 6.589355374289081, 4.24646750694633, 4.059555799951401, 6.055711651003078], "behavior": [6, 4, 4, 4, 7], "review_text": "The performance is abysmal. It feels like I'm running this on a ten-year-old phone even though I have a flagship."}