{"logs": [2.5887882314466086, 2.521858163316373, 2.5662273355026004, 3.198278710390151, 1.734418346984624, 2.1705794976482755, 3.4180413676379864, 1.6391341390547645, 1.8052295508449834, 2.134985856427019], "behavior": [2, 0, 0, 1, 1], "review_text": "Good app overall, but the notification system is a bit overwhelming and hard to customize."}