{"logs": [6.098444870765112, 5.82984113295589, 6.439332883074374, 5.907578740050907, 6.2791537529298544, 4.720469922668724, 6.2060067066248035, 4.313097734985933, 5.916693300474311, 6.7205144931235905], "behavior": [6, 5, 5, 6, 6], "review_text": "The UI is a disaster. I can't find anything and the constant loading spinners are driving me crazy."}