{"logs": [5.971854703188077, 6.7220482817540965, 5.568411340914037, 5.788729164389293, 5.646223692404639, 5.352552870480148, 5.311616315567393, 4.912146738862033, 5.845404316036253, 6.484462631326426], "behavior": [8, 3, 4, 6, 5], "review_text": "I've lost my data twice now because the app closed unexpectedly. I would not recommend this to anyone."}