{"logs": [1.6258062648457445, 3.3317898395655345, 2.4150492132232193, 2.1599515215823253, 3.345134000749604, 2.146898378739334, 2.2099927476095877, 2.709565697291847, 1.8328162629294493, 2.885282325484673], "behavior": [0, 2, 1, 0, 2], "review_text": "Average."}