{"logs": [0.7854933228607027, 0.1744909543846655, 0.737712947138971, 0.3552677993320278, 0.31715318726162617, 0.5580569753495421, 0.5068511504655117, 0.2152400530482064, 0.7296091832840569, 0.8232995119969234], "behavior": [0, 0, 0, 1, 0], "review_text": "The performance is rock solid. I haven't experienced a single lag spike since I started using it last week."}