{"logs": [4.7089740934374795, 6.229702411501053, 4.889549766084888, 6.280827163708954, 4.7622967665543, 4.255690409274142, 6.718655148775387, 5.813453227693154, 6.28859339455909, 6.286688386969604], "behavior": [5, 4, 3, 4, 8], "review_text": "This is unusable! The lag is so bad that it takes five seconds just to register a single button press."}