{"logs": [5.556231216066557, 5.542368791045135, 6.16485165380094, 4.133624486000127, 6.6901714871335125, 6.188355583770737, 5.463829993851197, 5.648560838287148, 5.147384847629361, 6.690657820876934], "behavior": [3, 4, 5, 3, 7], "review_text": "Too slow!"}