{"logs": [1.8558320064282063, 2.605632561645623, 3.094932942338687, 1.956897332064643, 2.287787340897484, 3.4744308372510404, 2.6637843483839156, 2.1516731974356746, 1.701809056068312, 2.5483418454154756], "behavior": [1, 1, 0, 1, 0], "review_text": "It's okay."}