{"logs": [5.932800589613659, 6.276431128114423, 4.077755623075468, 4.249951730991524, 6.160686362333542, 6.921111027008558, 5.457627622377164, 5.295166018854097, 5.17781757732996, 6.759807818359366], "behavior": [4, 4, 5, 8, 8], "review_text": "It keeps crashing!"}