{"logs": [5.307576145710078, 5.2513252928844985, 4.8412819673803185, 4.162225589502949, 6.354920293378451, 6.095394578244605, 4.558976341400576, 6.2992773527202335, 6.3273541230225385, 4.815991087643758], "behavior": [7, 3, 7, 4, 4], "review_text": "I keep clicking buttons and nothing happens. It's like the app isn't even registering my inputs correctly."}