{"logs": [0.9788881925883066, 0.7538949685968399, 0.2186229509466118, 0.9860900747051068, 0.9149700588992035, 0.17618826177232574, 0.8243039738907241, 0.9743782430920442, 0.4293340749029062, 0.519355148403393], "behavior": [0, 0, 0, 0, 0], "review_text": "Finally an app that doesn't drain my battery while providing such a smooth and responsive interface!"}