{"logs": [2.0653051225442636, 2.778270775204068, 3.434405185472176, 3.1044423559842134, 1.509713006657216, 1.7545810671748452, 2.6958132309256273, 1.9542396876245174, 2.258532176150291, 2.6975991834532786], "behavior": [0, 1, 1, 1, 1], "review_text": "It gets the job done, though I noticed some minor stuttering when scrolling through long lists."}