{"logs": [2.859401027534048, 3.428383126193679, 3.428310013064932, 2.5294013006691216, 2.2668915977194857, 2.8165637308096567, 2.234558219857056, 2.53618384372784, 2.2139452839443963, 2.36048745882698], "behavior": [0, 0, 2, 0, 0], "review_text": "It's fine for occasional use, but I wouldn't rely on it for anything mission-critical just yet."}