{"logs": [1.5872533913545908, 1.679024336387737, 1.572931233747886, 3.1872600140195573, 2.540041970528299, 2.6752644239293577, 3.1618251661595975, 1.5551102734362532, 2.0583771688140846, 2.139080892494873], "behavior": [2, 1, 1, 0, 1], "review_text": "It's okay."}