{"logs": [3.3435560806412, 2.351122092478058, 3.231472372559126, 2.8608552767430115, 1.531823200874306, 2.6111357243762043, 1.6565019405885109, 2.5522184841806292, 3.324866347837893, 2.0313365231130343], "behavior": [0, 1, 2, 0, 0], "review_text": "The recent update fixed some bugs, but it also introduced a bit of lag that wasn't there before."}