{"logs": [0.6151156625421853, 0.26693883594857826, 0.17007552319655583, 0.7897867697709667, 0.3970038331663098, 0.15640484877557784, 0.6970197968542242, 0.6114989174998633, 0.9816884669916351, 0.4680962177579071], "behavior": [0, 0, 0, 1, 0], "review_text": "Everything works exactly as expected. It's refreshing to use a piece of software that just works perfectly."}