{"logs": [0.43603222000303354, 0.36142013536065043, 0.9990825577043234, 0.9429531759200726, 0.9168424803534675, 0.42576339367813176, 0.7459228409876458, 0.3051464113470989, 0.36298673578694074, 0.9225357042208497], "behavior": [0, 0, 0, 1, 0], "review_text": "Absolutely love the dark mode implementation! It's clear the developers put a lot of thought into the user experience."}