{"logs": [0.2867564086492639, 0.48687981438883, 0.276087481919273, 0.2683381695430802, 0.8474226624587369, 0.13837855912231928, 0.8608679508096099, 0.8783070828915613, 0.2551069112791467, 0.8405235958865209], "behavior": [0, 0, 0, 0, 0], "review_text": "Brilliant execution on the user interface; it's very accessible and everything is exactly where it should be."}