{"logs": [2.0293999017437683, 3.0133843977220023, 1.6250431560771208, 2.5204422963779356, 2.1973477581715612, 3.006730361831667, 3.374726989762854, 2.8000874298049085, 3.4802329035803683, 1.9329558436180734], "behavior": [1, 0, 1, 0, 2], "review_text": "An average experience overall. It works well enough, but there isn't anything particularly special about it."}