{"logs": [4.092103191932837, 5.891950634597736, 5.90796423516609, 4.515690481155788, 4.654271476434848, 5.99548703587049, 6.768123398538647, 6.236900376310821, 6.124835630839637, 6.975164644939483], "behavior": [8, 6, 7, 7, 7], "review_text": "The UI is a disaster. I can't find anything and the constant loading spinners are driving me crazy."}