{"logs": [6.17770243356863, 5.678820750619225, 4.676595394834993, 5.3425619662283275, 6.1964886537665205, 6.673001942782075, 4.209316471643805, 4.915834178712652, 6.3811110039903, 6.734448137262433], "behavior": [5, 7, 3, 4, 3], "review_text": "I am extremely disappointed. The app keeps crashing every time I try to open the main dashboard."}