{"logs": [4.98175680736435, 4.8166235081771, 6.898771143993119, 4.6767119457112045, 5.5964058985523195, 4.9754545967903745, 4.238381344167755, 6.072940802490388, 6.171443562863601, 5.500767311056235], "behavior": [3, 5, 8, 7, 8], "review_text": "The constant stuttering and visual glitches make the app feel very cheap and poorly developed."}