{"logs": [0.690835266146156, 0.2274404107023282, 0.17366629249448143, 0.8214437856104303, 0.7627678175453858, 0.4660093968390666, 0.2554826522780317, 0.3999999471803837, 0.7908747436049546, 0.9688047574251537], "behavior": [0, 0, 0, 0, 0], "review_text": "The haptic feedback and loading animations make the whole experience feel premium and high-end."}