{"logs": [0.5686702656336245, 0.8921111624133414, 0.9985993854728945, 0.16641069440028328, 0.15676759955850364, 0.10207953837910094, 0.450537912510775, 0.9111739159538336, 0.6213529499549268, 0.9221878867972202], "behavior": [0, 0, 0, 1, 0], "review_text": "Everything works exactly as expected. It's refreshing to use a piece of software that just works perfectly."}