{"logs": [0.7605039534424863, 0.22131786066957862, 0.8615823463375994, 0.3185592305197804, 0.389131735046381, 0.7322513666031918, 0.7620685759855471, 0.7850473479660205, 0.9699359613062921, 0.5215167636771301], "behavior": [0, 0, 0, 1, 0], "review_text": "Very fast."}