{"logs": [2.2152695618486895, 3.3347444016244046, 1.6313019804931008, 2.949015458928555, 2.5414332257494445, 2.6034234660028135, 2.643303035657298, 2.535853250520099, 1.8201726525096906, 1.658968929156115], "behavior": [1, 2, 1, 2, 1], "review_text": "A decent effort, but I feel like some of the advanced features are hidden too deep in the settings."}