{"logs": [0.7578694834960518, 0.118052378595626, 0.8051245078660121, 0.8452058669287282, 0.6780780591863166, 0.852754368385724, 0.659181381097809, 0.7188265618502906, 0.11270654896840135, 0.44018739525921047], "behavior": [0, 0, 0, 1, 0], "review_text": "Finally an app that doesn't drain my battery while providing such a smooth and responsive interface!"}