{"logs": [2.876455954952175, 3.3586761730258843, 2.535025457338094, 2.2477534077321115, 2.362760187280429, 3.160429407212459, 1.528433454326468, 1.69942380066377, 3.150493750853371, 1.6567099185812002], "behavior": [0, 2, 2, 1, 2], "review_text": "The app is decent for basic use, but I find the menu layout a bit confusing at times."}