{"logs": [0.8614168024392946, 0.6717249216520412, 0.21963971849417718, 0.5520379558310868, 0.29930274616881086, 0.46868172405416775, 0.6209253263209615, 0.36169466860311184, 0.9359992003400435, 0.8676048470800516], "behavior": [0, 0, 0, 0, 0], "review_text": "I love how the app anticipates what I need next; the predictive features are actually helpful for once."}