{"logs": [6.703376887252701, 5.207475139202641, 5.732674802945411, 4.68627885830793, 6.7427679451142595, 5.995868823281819, 4.038250446891458, 5.163281826468136, 5.220797900280262, 4.944660079677786], "behavior": [3, 5, 7, 6, 4], "review_text": "Avoid this app at all costs. It's slow, bloated, and crashes at least three times every hour."}