{"logs": [0.923954010635015, 0.21935410459100751, 0.5844978314029562, 0.8784232214544921, 0.9849281574880046, 0.6502919288440748, 0.2915672226014645, 0.5119843296776252, 0.16581336411998315, 0.9008057846910463], "behavior": [0, 0, 0, 1, 0], "review_text": "Smooth as butter!"}