{"logs": [3.2459841500769224, 2.9799047815735875, 2.74325058858144, 3.3124898894506534, 1.9204162579695128, 2.7851485705080226, 2.2638723448754483, 2.7470767641119886, 1.8872504633762996, 3.297813907060532], "behavior": [1, 2, 2, 2, 1], "review_text": "It's useful for what I need, but the navigation feels a little dated compared to other modern apps."}