{"logs": [6.843737832453244, 6.559174192989633, 6.639138421718806, 4.474463075676712, 4.734989688899396, 6.439980416393244, 4.170251909556798, 6.196928938143918, 5.470056564661964, 4.199513031421668], "behavior": [6, 8, 3, 5, 7], "review_text": "I keep clicking buttons and nothing happens. It's like the app isn't even registering my inputs correctly."}