{"logs": [4.588314092703573, 4.153936000135164, 4.809861338486452, 4.8201469012246685, 6.344704346020584, 4.8530968650698965, 6.219423732776299, 6.895397721421624, 5.448004887098817, 4.209231516080201], "behavior": [7, 3, 6, 6, 4], "review_text": "The constant stuttering and visual glitches make the app feel very cheap and poorly developed."}