{"logs": [4.629579315097962, 5.991613995552202, 6.868892251174613, 5.42648969301071, 6.623017764899988, 6.484388658928262, 4.109220564851314, 4.045529688065434, 4.1977594268408875, 6.459024527269379], "behavior": [8, 4, 5, 5, 4], "review_text": "The performance is abysmal. It feels like I'm running this on a ten-year-old phone even though I have a flagship."}