{"logs": [0.3571562736452333, 0.5319209180665112, 0.3042859414194135, 0.4295811996796337, 0.4380525963674491, 0.3366505451091601, 0.4851267444814694, 0.42583886938967463, 0.7205704579670168, 0.7738835970712672], "behavior": [0, 0, 0, 1, 0], "review_text": "Brilliant execution on the user interface; it's very accessible and everything is exactly where it should be."}