{"logs": [0.26338439150174325, 0.4881373903503272, 0.13625435170557168, 0.10834363568594658, 0.8406007540496361, 0.5765134584418615, 0.4265343651895689, 0.9431902021470395, 0.6019659227145275, 0.7284928203476672], "behavior": [0, 0, 0, 0, 0], "review_text": "Very fast."}