{"logs": [2.339446082723787, 2.813633871614819, 2.150789405365902, 2.6838343873747297, 2.0614478509922654, 1.9784008410204765, 2.1886687010629435, 2.791690034183347, 1.971303624137648, 2.1675505876954455], "behavior": [1, 2, 0, 1, 1], "review_text": "It's okay."}