{"logs": [4.2636140290659945, 5.73118653104119, 5.047702777915393, 4.832542604732427, 6.416128327441198, 6.119019368345027, 4.728369550100139, 5.302323139553785, 6.652127073797539, 6.690632818703442], "behavior": [8, 3, 3, 6, 7], "review_text": "Total waste of time. The app froze during a critical task and I had to restart my phone to get it working again."}