{"logs": [2.3718036639762605, 2.123094740791551, 2.771620675176253, 1.9920918959293104, 1.7695876165142859, 2.780333640319666, 1.9497014728919315, 1.796157341324049, 3.0706396593065026, 2.2119418800450674], "behavior": [1, 2, 0, 2, 0], "review_text": "It's a solid app, but it crashed once when I was trying to upload a large file earlier today."}