{"logs": [2.025005740707369, 3.45087784297778, 1.6690052538933016, 2.6082828732430747, 3.4930537305814786, 2.5580464870736623, 2.214520858521602, 3.3095479557338114, 2.7551199062605125, 3.0122382869721953], "behavior": [0, 0, 1, 1, 0], "review_text": "An average experience overall. It works well enough, but there isn't anything particularly special about it."}