{"logs": [6.088841878880038, 6.858186995845536, 5.688674851146441, 6.046060419768401, 5.818289168383853, 5.061220349702903, 4.551839586726467, 5.544022065775206, 5.149013855741412, 6.693520138617277], "behavior": [6, 5, 3, 8, 7], "review_text": "The navigation is a labyrinth. I spent ten minutes just trying to find the settings page. Terrible UX."}