{"logs": [2.5598081985789265, 1.5106203915742498, 3.2472108633858006, 1.924776620835721, 1.6559136734222886, 3.3947636186467722, 2.4042217478841414, 3.0722046236355633, 1.9386613396527004, 3.3961011071960443], "behavior": [1, 0, 2, 0, 2], "review_text": "It's useful for what I need, but the navigation feels a little dated compared to other modern apps."}