{"logs": [3.020244591106966, 2.8679942779417904, 3.191600836144523, 1.746638216635587, 2.1337463505549925, 1.5777629108812872, 2.9665606615070104, 1.7858268335106913, 3.2516760151126007, 2.498360298860307], "behavior": [1, 0, 0, 2, 1], "review_text": "I'm satisfied for now, but I hope they fix the occasional freezing that happens on the home screen."}