{"logs": [1.5282817370099204, 2.8778016998323714, 2.6184933446973853, 2.1668747636763226, 2.943119861670099, 2.271698082602111, 1.737143845723833, 2.35244210287836, 2.3432299462457995, 2.459855149924201], "behavior": [1, 1, 1, 1, 0], "review_text": "It's fine for occasional use, but I wouldn't rely on it for anything mission-critical just yet."}