{"logs": [0.3546155389175877, 0.7026530017949711, 0.6168188420311267, 0.4482823747244664, 0.3083124966904391, 0.885302564318919, 0.8346782723380994, 0.1199397193602528, 0.2704487446942866, 0.10810099666300174], "behavior": [0, 0, 0, 1, 0], "review_text": "Five stars! It's rare to find an app that is both feature-rich and this easy to navigate without a tutorial."}