{"logs": [0.9581134502860584, 0.8196747372287668, 0.5963747697232572, 0.5547849177671942, 0.8669937206778132, 0.19316988606275123, 0.8552602681299273, 0.85344122854569, 0.9015830084862422, 0.15843970306202415], "behavior": [0, 0, 0, 1, 0], "review_text": "This is hands down the best app in its category. The transitions are fluid and the design is very modern."}