{"logs": [6.113901632699182, 4.036507310368224, 5.98177909287404, 4.108959209230149, 6.361102506771619, 6.5144355535460186, 6.228135037475804, 6.473211985290115, 4.7717914926717775, 5.147675696001922], "behavior": [8, 7, 7, 3, 4], "review_text": "Worst update ever. Everything was working fine until yesterday, now it's just a buggy mess."}