{"logs": [0.6674494649122318, 0.7611715637773735, 0.3097915598860776, 0.6190910259571579, 0.24189518532342344, 0.8349933378839524, 0.32048985613744246, 0.300384011602456, 0.1651347946599414, 0.840913294563736], "behavior": [0, 0, 0, 1, 0], "review_text": "Everything works exactly as expected. It's refreshing to use a piece of software that just works perfectly."}