{"logs": [4.964693461706572, 6.439244620455142, 5.557373516231627, 6.809991769772084, 5.833132057876332, 4.37241748642178, 5.655097073789424, 5.017105705974791, 5.862924776285887, 6.54979473041532], "behavior": [3, 3, 3, 4, 8], "review_text": "The UI is a disaster. I can't find anything and the constant loading spinners are driving me crazy."}