{"logs": [4.625956602769674, 5.757193374925659, 4.1182179201306255, 5.726701480833504, 4.063798433083373, 4.142504185513972, 6.889226130975412, 6.930411659421671, 4.042842672005514, 5.46061690408991], "behavior": [5, 7, 4, 4, 4], "review_text": "Worst update ever. Everything was working fine until yesterday, now it's just a buggy mess."}