{"logs": [1.935940938703596, 1.9491373175183329, 2.6388152078882223, 2.3608059127755534, 1.5718018806921474, 1.8493306048995182, 2.7449185988167573, 3.1174956260716864, 1.7212409779037583, 2.9810551934670997], "behavior": [2, 1, 0, 0, 1], "review_text": "The interface is fine, but some of the buttons are a bit too small for easy tapping on my device."}