{"logs": [0.35578887019965855, 0.7622830626105264, 0.334656454823446, 0.5981409527248978, 0.16369448703250045, 0.30492168425460897, 0.5026358266949352, 0.44583684045546523, 0.2994722505265069, 0.7733843630437742], "behavior": [0, 0, 0, 0, 0], "review_text": "Five stars! It's rare to find an app that is both feature-rich and this easy to navigate without a tutorial."}