{"logs": [6.232990490455727, 6.276219770583895, 6.337659205456541, 6.24088421618113, 4.846142596017967, 4.0332370115659835, 4.5319625820955896, 5.169248376719566, 4.90321453317782, 4.306368316860661], "behavior": [7, 7, 6, 8, 4], "review_text": "Worst update ever. Everything was working fine until yesterday, now it's just a buggy mess."}