{"logs": [4.550883901548103, 5.598123163906692, 5.381717701410712, 5.816859470697323, 6.0713118182624175, 5.147131034198912, 6.433075023811258, 6.40204273522628, 5.400776563901953, 4.44650318276236], "behavior": [5, 5, 6, 8, 4], "review_text": "I hate how complicated they made the login process. It's like they want to make it hard for users to get in."}