{"logs": [2.1400834125208963, 2.384666665642765, 1.584675041435927, 2.8400348871095407, 3.3505612550072876, 1.7025906474165258, 1.652978344862264, 3.260766789808328, 3.474239709537448, 2.968764746957134], "behavior": [0, 1, 0, 1, 0], "review_text": "It's useful for what I need, but the navigation feels a little dated compared to other modern apps."}