{"logs": [5.936492602967807, 4.516579109938139, 5.652623990310458, 4.970740131862877, 6.366102373930369, 5.635293534954205, 6.783982337066327, 6.313211361110803, 6.487436608649207, 5.596170361944267], "behavior": [5, 7, 6, 8, 7], "review_text": "It keeps crashing!"}