{"logs": [2.6565566800499596, 3.18394296398346, 2.676876357997106, 1.7207828184434626, 3.33848564948093, 2.9912565938969555, 1.977293745428744, 2.1452656762432047, 1.9898558487763884, 1.9492184553145606], "behavior": [2, 2, 0, 0, 1], "review_text": "A few glitches but works."}