{"logs": [6.511519297451169, 5.994527805569269, 4.6570330650392915, 5.277943159344579, 4.080559221544311, 6.944078687891541, 6.357434431760174, 6.538829956692997, 4.505542115558359, 5.291087739376159], "behavior": [7, 3, 8, 5, 7], "review_text": "Nothing works! I've tried reinstalling three times but the crashing issue still persists on the home screen."}