{"logs": [4.203737062839611, 4.223579442179306, 5.003198755516591, 5.5156376692684965, 5.80805065110407, 6.7335918297156026, 4.8965977688079905, 6.551448633144824, 6.226810463100099, 6.963160692132548], "behavior": [3, 6, 5, 4, 7], "review_text": "The UI is a disaster. I can't find anything and the constant loading spinners are driving me crazy."}