{"logs": [0.6302977417769816, 0.781792811689743, 0.6689169941590546, 0.2755525400351324, 0.8500150834471626, 0.27206842639231266, 0.4894997790969303, 0.2758688851364891, 0.6593231269258386, 0.9598600935396349], "behavior": [0, 0, 0, 1, 0], "review_text": "This is hands down the best app in its category. The transitions are fluid and the design is very modern."}