{"logs": [1.5744243730189416, 3.4545990625634295, 2.39670884319575, 3.491204148840362, 1.7455979354121567, 2.764429517121489, 1.7461349172288607, 1.9579651624997672, 2.6156256605632384, 2.6372269315195664], "behavior": [2, 1, 2, 0, 1], "review_text": "It gets the job done, though I noticed some minor stuttering when scrolling through long lists."}