{"logs": [5.577319399769493, 6.995160600807939, 4.184734698539522, 5.91886693304529, 5.093177607024679, 6.53049923610809, 5.112883199095821, 6.424613889089832, 4.8295298172669705, 4.645619324928925], "behavior": [5, 6, 4, 8, 4], "review_text": "This is unusable! The lag is so bad that it takes five seconds just to register a single button press."}