{"logs": [3.306053280325323, 2.689820795394901, 2.618272643879627, 2.7811091445091707, 3.0287849303383423, 3.098696846410734, 1.7788139625405062, 2.7598582334753736, 2.3084478460360534, 2.6403571132414303], "behavior": [0, 2, 0, 2, 0], "review_text": "The app is decent for basic use, but I find the menu layout a bit confusing at times."}