{"logs": [0.701789708963843, 0.6084669152057757, 0.4469809573247727, 0.6993223907803434, 0.7143621864495461, 0.657456669250374, 0.7859431518445392, 0.7425991025040016, 0.2751475701770778, 0.7811276154333875], "behavior": [0, 0, 0, 1, 0], "review_text": "This is hands down the best app in its category. The transitions are fluid and the design is very modern."}