{"logs": [1.879170656245185, 3.2463728928229876, 3.0272821704826542, 2.5856417854738574, 1.8496102052436854, 2.8892418875174526, 2.2709921442043273, 1.8213404972428122, 3.339895300934569, 1.8483158365263874], "behavior": [1, 0, 0, 2, 2], "review_text": "It's fine for occasional use, but I wouldn't rely on it for anything mission-critical just yet."}