{"logs": [2.6369865235290324, 2.4386969969677823, 2.7559783784910987, 3.1867224607965277, 3.3162038024462053, 1.9535527270104587, 2.229957528522829, 1.7159766505225071, 2.7038566604708985, 3.2144242154808023], "behavior": [1, 2, 1, 0, 1], "review_text": "I have mixed feelings; the core functionality is great but the secondary features feel half-baked."}