{"logs": [1.7545428192275432, 1.6969080172187614, 1.543035761843029, 2.1343262381498556, 1.705358204462148, 3.302153310398227, 1.516822568995265, 1.8302421506106645, 3.1881666020627693, 1.7778891735309794], "behavior": [1, 2, 0, 1, 0], "review_text": "It's useful for what I need, but the navigation feels a little dated compared to other modern apps."}