{"logs": [0.7748995466935464, 0.17870035682531088, 0.5793415338770254, 0.6687436789923338, 0.8102771481390182, 0.6017444364844261, 0.7609797899222981, 0.20621694462696455, 0.406708594332188, 0.19536203571980815], "behavior": [0, 0, 0, 1, 0], "review_text": "Super satisfied with the speed of this tool. It saves me at least twenty minutes of work every single day."}