{"logs": [0.30829478652682507, 0.9309322164213026, 0.35155890172282456, 0.9560163495841205, 0.22528385086988428, 0.1411441668646159, 0.5790186823108727, 0.928764480374158, 0.10632510490314065, 0.4625879775632219], "behavior": [0, 0, 0, 1, 0], "review_text": "Great job on the new checkout flow, it's much faster now and doesn't require unnecessary clicks."}