{"logs": [6.50703707909344, 4.919843162220405, 6.136654695096674, 6.398938489089044, 5.2946667635816205, 6.3854994817849295, 5.769101582602422, 6.400427155232593, 6.1467645606316115, 5.244558482082556], "behavior": [7, 7, 3, 8, 7], "review_text": "Total waste of time. The app froze during a critical task and I had to restart my phone to get it working again."}