{"logs": [0.25541612373319517, 0.24674970398126495, 0.8864203383905156, 0.3611908845289723, 0.9024639848826498, 0.7106339823894178, 0.8270373169859309, 0.557263042378606, 0.9438003474302292, 0.16452613656039686], "behavior": [0, 0, 0, 0, 0], "review_text": "I love how the app anticipates what I need next; the predictive features are actually helpful for once."}