{"logs": [6.819184577911978, 5.684299687871089, 5.256028422665775, 5.154237648984765, 5.095632577458032, 5.340354533404194, 5.3828437118159105, 4.719266106844344, 6.956589363608462, 4.879286156043427], "behavior": [3, 8, 8, 6, 8], "review_text": "Worst app ever."}