{"logs": [2.1314188316834626, 2.664573704171608, 2.6221941688067294, 2.421268151865519, 3.3655172459007945, 1.5984496020851318, 3.370458423091106, 2.945133398446968, 3.274860468191057, 2.5292375293749014], "behavior": [2, 1, 0, 0, 0], "review_text": "An average experience overall. It works well enough, but there isn't anything particularly special about it."}