{"logs": [4.848978662152033, 5.122568429720928, 4.349674501151529, 5.3014431557605395, 4.693198562138718, 4.583629271544681, 6.36592939329385, 4.202071981752995, 4.917911289403834, 4.835681699589138], "behavior": [6, 4, 4, 4, 8], "review_text": "The performance is abysmal. It feels like I'm running this on a ten-year-old phone even though I have a flagship."}