{"logs": [0.6603453953670256, 0.6213537049445343, 0.9340814776135022, 0.5020393781416619, 0.3978452589735324, 0.6384382022261719, 0.340968913605426, 0.6214065301824931, 0.552300335530568, 0.8659190311640449], "behavior": [0, 0, 0, 1, 0], "review_text": "The haptic feedback and loading animations make the whole experience feel premium and high-end."}