{"logs": [1.8284482495219663, 1.651037248544117, 2.6051761593166076, 3.164307545631697, 2.6213453701346765, 2.6949890454187453, 3.3133754586864246, 2.734403192577221, 1.9150347997222221, 2.729378198438688], "behavior": [2, 2, 2, 1, 2], "review_text": "It gets the job done, though I noticed some minor stuttering when scrolling through long lists."}