{"logs": [6.791084215018044, 4.178995482442458, 4.998516421372665, 5.875003925830803, 4.712915895662175, 5.379083715103213, 5.383099033960479, 5.827350462853461, 6.1395590000596245, 5.378388585580085], "behavior": [7, 3, 4, 6, 6], "review_text": "Total waste of time. The app froze during a critical task and I had to restart my phone to get it working again."}