{"logs": [2.008496579151024, 3.0818073782755793, 2.353767360315448, 2.6603201594235664, 1.9659619837196023, 1.806853718787745, 1.5671586862955635, 2.1374649650902438, 1.9450870942803293, 2.3755229501770474], "behavior": [1, 2, 1, 2, 0], "review_text": "The app is decent for basic use, but I find the menu layout a bit confusing at times."}