{"logs": [0.33726656772757907, 0.7086541977415842, 0.7316160968273556, 0.8947445622015955, 0.9692389189235144, 0.186799753732751, 0.6871643084488533, 0.3716773670612805, 0.1670493096590333, 0.7804685933155912], "behavior": [0, 0, 0, 0, 0], "review_text": "Five stars! It's rare to find an app that is both feature-rich and this easy to navigate without a tutorial."}