{"logs": [3.449331633731072, 2.001545119943024, 2.4225152280410462, 2.3944063183714746, 2.2182069675259433, 1.7600930536808268, 2.716603174641286, 1.931419511769675, 2.1562726024641057, 3.016808564920337], "behavior": [2, 0, 2, 0, 0], "review_text": "The app is decent for basic use, but I find the menu layout a bit confusing at times."}