{"logs": [2.4829605895031612, 2.000619780441328, 2.556265764551172, 3.3020129361017063, 2.0720554870474404, 1.550034589463735, 2.8793116524999727, 2.207689634424341, 2.4454405380106854, 2.1424379210070263], "behavior": [0, 0, 0, 1, 2], "review_text": "The recent update fixed some bugs, but it also introduced a bit of lag that wasn't there before."}