{"logs": [2.1780699142560502, 2.5204652129889515, 2.3275702773130718, 2.044827541608392, 1.7432076526775666, 1.6928731668283614, 3.3482415494488276, 1.9598786703727153, 2.6916917355115344, 2.9571915027913405], "behavior": [1, 2, 2, 2, 1], "review_text": "A few glitches but works."}