{"logs": [2.532021491456454, 3.047580202886681, 3.3367044136124617, 2.834667093931816, 2.0955278769987604, 2.419747599693581, 1.8051450312704096, 3.038438736796287, 3.495299111409958, 3.0552956931678077], "behavior": [1, 0, 0, 1, 2], "review_text": "Good app overall, but the notification system is a bit overwhelming and hard to customize."}