{"logs": [2.638212599676982, 2.3269386171824546, 3.422264482918196, 2.7684194734791587, 2.7546702162690377, 2.6566971375277175, 2.0488843698641412, 2.468668946655131, 2.859135790315439, 3.357300334970338], "behavior": [2, 0, 1, 1, 0], "review_text": "Good app overall, but the notification system is a bit overwhelming and hard to customize."}