{"logs": [3.3338920987378016, 3.3291317350372576, 1.8647401231505414, 2.6285407919225503, 1.9744887940223812, 3.3598507474507535, 3.036887429625503, 3.0147859522884772, 3.350267807178991, 3.0104867852585375], "behavior": [0, 0, 1, 2, 0], "review_text": "I'm satisfied for now, but I hope they fix the occasional freezing that happens on the home screen."}