{"logs": [2.680438507320031, 3.1469708634964304, 2.515333344460264, 3.324158966797958, 3.055391438443803, 1.9009928668810938, 2.4588447106076963, 2.3394545350524014, 1.748037959890727, 3.342904068815083], "behavior": [1, 0, 0, 0, 2], "review_text": "The app is decent for basic use, but I find the menu layout a bit confusing at times."}