{"logs": [0.426813492877933, 0.229355357828041, 0.9080461452862238, 0.9793452283173648, 0.8581452774211215, 0.5720127033722758, 0.5925132348293602, 0.4867626196555396, 0.17490116117792198, 0.2237477484295174], "behavior": [0, 0, 0, 1, 0], "review_text": "Absolutely love the dark mode implementation! It's clear the developers put a lot of thought into the user experience."}