{"logs": [0.8800969846778108, 0.6421518521662766, 0.5056547742189077, 0.1503806965657595, 0.6566765918491257, 0.30718305360174164, 0.15102863700960464, 0.7513065759081663, 0.11751747512582894, 0.9816883817050442], "behavior": [0, 0, 0, 1, 0], "review_text": "I love how the app anticipates what I need next; the predictive features are actually helpful for once."}