{"logs": [4.62221908381957, 4.119788907419292, 6.066763376604102, 6.612676090383883, 6.484906058090164, 6.834860070251837, 5.346325955137891, 6.447074577901465, 5.356713439986557, 6.349036058025286], "behavior": [7, 5, 5, 8, 3], "review_text": "I've lost my data twice now because the app closed unexpectedly. I would not recommend this to anyone."}