{"logs": [0.7358909227127127, 0.4504600248604175, 0.6667143451155213, 0.13832847615950872, 0.15193633089680988, 0.6373426602810938, 0.1868758583418033, 0.598944042746635, 0.47836533553926164, 0.17038249154734048], "behavior": [0, 0, 0, 0, 0], "review_text": "Very fast."}