{"logs": [5.574778513139405, 5.479716042119034, 4.681817384873573, 6.3401978722886, 5.755210996867355, 4.588700549465131, 5.254145843576888, 5.029828720690839, 6.741703031157704, 6.922112259939297], "behavior": [4, 6, 5, 8, 6], "review_text": "I keep clicking buttons and nothing happens. It's like the app isn't even registering my inputs correctly."}