{"logs": [2.213388358302108, 2.2045137566272537, 1.7465795651815181, 2.1151713255829683, 3.4201261379668795, 3.4862959386803514, 2.4624233635077357, 2.2501861301122794, 2.3344612612195856, 2.882766080130788], "behavior": [2, 0, 2, 1, 0], "review_text": "The recent update fixed some bugs, but it also introduced a bit of lag that wasn't there before."}