{"logs": [6.3654880055923275, 5.978541034009182, 4.017538122451372, 6.490956337765914, 4.3002480951315185, 5.606949537911448, 5.016763387854213, 6.210628659402753, 4.753918297801569, 5.738284787809675], "behavior": [3, 4, 5, 7, 4], "review_text": "Worst update ever. Everything was working fine until yesterday, now it's just a buggy mess."}