{"logs": [2.1061246609888133, 2.6595229689836843, 1.696971175701599, 2.1389561796792442, 1.8890595401416141, 1.9056708518006162, 2.4782995861842467, 2.3385588740052885, 1.681213971740326, 2.3977938131032484], "behavior": [2, 2, 1, 1, 1], "review_text": "The app is decent for basic use, but I find the menu layout a bit confusing at times."}