{"logs": [0.34186151929367603, 0.5587809420321429, 0.3820846307357574, 0.7032798818136435, 0.8552153591422861, 0.22072822777446616, 0.2953431843553228, 0.7755773524162224, 0.627807887820107, 0.41271398383802205], "behavior": [0, 0, 0, 0, 0], "review_text": "Amazing UI."}