{"logs": [1.62675616624237, 2.431857629907258, 3.4578940255392387, 2.2329283712919503, 2.628230416036141, 1.940401641205404, 2.9866729870692144, 2.319888855093775, 1.6896562351169864, 2.468020582356435], "behavior": [1, 1, 1, 2, 0], "review_text": "It's fine for occasional use, but I wouldn't rely on it for anything mission-critical just yet."}