{"logs": [0.38381740159990474, 0.13545915170254214, 0.469169390568674, 0.5098803417902683, 0.370834814637392, 0.4417613662552916, 0.38961758699225835, 0.16255561691714643, 0.9070573446176436, 0.23231338812466412], "behavior": [0, 0, 0, 0, 0], "review_text": "Absolutely love the dark mode implementation! It's clear the developers put a lot of thought into the user experience."}