{"logs": [1.684414633683233, 1.9833576775657962, 3.1235891605772643, 3.0261116403610155, 1.6744495522543128, 3.357449604546249, 2.941482024700163, 2.235654341497738, 1.991242238946772, 2.7616125376832064], "behavior": [0, 2, 0, 0, 1], "review_text": "Average."}