{"logs": [0.37621553026951904, 0.969759046818369, 0.27878299743842655, 0.5796460782240218, 0.4877351216693492, 0.7130902118820007, 0.32782582406227423, 0.9616402051665425, 0.8304723501913481, 0.40994995088653285], "behavior": [0, 0, 0, 1, 0], "review_text": "Great job on the new checkout flow, it's much faster now and doesn't require unnecessary clicks."}