{"logs": [3.291339497408548, 1.6551558236399757, 3.117275288049117, 1.5974833563988935, 2.392653057263379, 2.44415884608133, 3.21688867197983, 3.0409663494685883, 1.9328593814345085, 1.8376658112555089], "behavior": [2, 0, 1, 1, 1], "review_text": "It gets the job done, though I noticed some minor stuttering when scrolling through long lists."}