{"logs": [6.753228814795781, 4.5809837791550745, 5.1174355114226335, 6.420657531254354, 6.959194545557777, 4.962533152734415, 6.822661689922786, 4.0740758952761915, 4.276715544707224, 5.146551243920222], "behavior": [6, 8, 6, 3, 5], "review_text": "I'm uninstalling this immediately. The level of frustration this app causes is simply not worth the features."}