{"logs": [2.5197896383977527, 3.163231782763444, 2.004850803302391, 1.6557932464130325, 2.6469962901040596, 2.5734975665434816, 2.0347480712860504, 3.128762876224658, 3.312276317403232, 3.35964409738414], "behavior": [0, 1, 0, 0, 0], "review_text": "The app performs okay most of the time, though it occasionally feels a bit sluggish under heavy use."}