{"logs": [0.3784470615843265, 0.16542694903564992, 0.4033213493522535, 0.9086916492205331, 0.5896605021118869, 0.9046332717461082, 0.10171330692435926, 0.4482169075277448, 0.7284559400738737, 0.37607810557362054], "behavior": [0, 0, 0, 0, 0], "review_text": "I've recommended this to all my colleagues. The reliability and clean aesthetic are simply unmatched."}