{"logs": [5.172907222137086, 4.916087314611847, 5.9172144998380105, 4.4363009312535215, 6.783188801639895, 6.578831698921095, 6.443631808103284, 4.766572012529551, 6.73376914718742, 5.863500357401097], "behavior": [3, 5, 3, 7, 8], "review_text": "The performance is abysmal. It feels like I'm running this on a ten-year-old phone even though I have a flagship."}