{"logs": [5.888716637194361, 6.006276664777713, 4.80594848743106, 6.719786751312166, 6.985454035213179, 5.3728003845937575, 6.211092608537278, 5.871660678133665, 4.360940714556397, 6.152167491733993], "behavior": [6, 4, 7, 4, 4], "review_text": "Nothing works! I've tried reinstalling three times but the crashing issue still persists on the home screen."}