{"logs": [1.8793537016152597, 3.4535473523732554, 2.549122116931096, 2.550748267085586, 2.936539066462849, 2.7902816537380346, 2.5243250766264285, 3.3241816391820715, 3.404610566781507, 1.5517899843018834], "behavior": [0, 1, 2, 1, 0], "review_text": "The app is decent for basic use, but I find the menu layout a bit confusing at times."}