{"logs": [4.853689195109346, 5.397636081963551, 5.431381472173294, 5.033354604808294, 6.034985531788122, 6.868749132357484, 4.5372372031861765, 5.898213515702774, 5.747789234304797, 4.883715346943761], "behavior": [6, 6, 7, 8, 7], "review_text": "I keep clicking buttons and nothing happens. It's like the app isn't even registering my inputs correctly."}