{"logs": [2.55369820625684, 2.354705585504928, 3.332762680463846, 2.3302001174339537, 2.09961037137135, 1.838781233954938, 2.69452881367212, 2.296251491817902, 3.1242925444820804, 3.456981023909603], "behavior": [0, 2, 1, 0, 0], "review_text": "Good app overall, but the notification system is a bit overwhelming and hard to customize."}