{"logs": [2.3822919471308657, 3.0759852059572186, 3.381525686313774, 2.0850908237378056, 1.7481995290788803, 3.249585681330111, 2.216171022626027, 1.8009564175869996, 1.5508774459581498, 1.9620573552023604], "behavior": [0, 0, 1, 2, 2], "review_text": "I have mixed feelings; the core functionality is great but the secondary features feel half-baked."}