{"logs": [0.5106223047231194, 0.1393396805027336, 0.25816756381023065, 0.6697562686632932, 0.226882699571158, 0.24167040415432478, 0.7164305881134044, 0.5220940238543578, 0.6308071201598076, 0.5831298355631087], "behavior": [0, 0, 0, 1, 0], "review_text": "Brilliant execution on the user interface; it's very accessible and everything is exactly where it should be."}