{"logs": [3.220600046173364, 2.3573971176488, 1.6027300723515023, 2.708739940208784, 2.133006131743283, 2.2952176162859286, 3.2126437223201316, 1.7832688015246059, 2.282236713798768, 3.273444770487942], "behavior": [0, 0, 0, 1, 0], "review_text": "Good app overall, but the notification system is a bit overwhelming and hard to customize."}