{"logs": [2.1309618583643477, 1.5182834377349574, 2.14080988668402, 2.700334997530218, 3.115253228347491, 2.3609840295640674, 3.3354767546320216, 3.4515758508015195, 2.8044786824343175, 2.501874927020522], "behavior": [0, 2, 0, 0, 0], "review_text": "Average."}