{"logs": [0.9886440664779774, 0.1176862648534781, 0.3448047496088949, 0.5819081677824545, 0.8179110894245482, 0.9023968075082895, 0.26222139132043726, 0.5679664983730512, 0.5502277757613102, 0.8763148012610648], "behavior": [0, 0, 0, 1, 0], "review_text": "Five stars! It's rare to find an app that is both feature-rich and this easy to navigate without a tutorial."}