{"logs": [1.6036361467099332, 1.9165128345753386, 1.797827507878977, 1.9137473927703759, 3.0539137223637383, 3.134898194366845, 3.0852184884548635, 3.403423236316743, 2.055431367417497, 2.934423116077431], "behavior": [1, 2, 0, 2, 0], "review_text": "A decent effort, but I feel like some of the advanced features are hidden too deep in the settings."}