{"logs": [1.5961679424577544, 1.713506676339271, 2.998035382316444, 2.8482494181810947, 3.4948578973276914, 3.3802738384583852, 2.4880598016229323, 1.50187818627504, 2.5750937466328887, 2.077984404858836], "behavior": [2, 1, 1, 1, 0], "review_text": "It's a solid app, but it crashed once when I was trying to upload a large file earlier today."}