{"logs": [2.515794861803496, 3.2442434034183076, 1.9428588491604137, 2.494739728662554, 1.900409323274711, 1.6595380790645198, 2.4460340646367627, 2.8884004476598255, 1.7926951255035357, 3.2478828115231235], "behavior": [0, 1, 0, 2, 2], "review_text": "It's a solid app, but it crashed once when I was trying to upload a large file earlier today."}