{"logs": [2.4186930432719342, 3.239282214570453, 2.8639146973352947, 1.6648232934305247, 3.4735989645812273, 2.6990126780937063, 2.849520716278499, 2.5854676611880554, 3.16699046431372, 3.110889844779881], "behavior": [2, 2, 0, 1, 0], "review_text": "An average experience overall. It works well enough, but there isn't anything particularly special about it."}