{"logs": [2.330309612330154, 2.424959303953819, 2.1166282556421994, 2.1472678911211833, 1.7489393848889345, 1.5487232475199555, 3.494523793411692, 2.933087008051366, 2.986553840771597, 1.685743828344796], "behavior": [2, 0, 0, 0, 0], "review_text": "The app is decent for basic use, but I find the menu layout a bit confusing at times."}