{"logs": [4.597971981478834, 4.298409197600758, 6.4769875710407, 5.398041044029431, 5.838252284578547, 6.5953015217054975, 5.9437879630756365, 6.962329442634413, 5.211314762468561, 6.782512549929178], "behavior": [4, 7, 4, 4, 7], "review_text": "This is unusable! The lag is so bad that it takes five seconds just to register a single button press."}