{"logs": [6.065263641786721, 6.4026222748530515, 6.068633618968207, 5.823209570367375, 6.640524357354693, 5.3990448127145765, 5.6396308223616165, 5.09480929368393, 6.423006463129029, 6.437000431794189], "behavior": [8, 5, 7, 4, 6], "review_text": "Total waste of time. The app froze during a critical task and I had to restart my phone to get it working again."}