{"logs": [0.12279039396492691, 0.6615614803404836, 0.24669901368517383, 0.3082999157026366, 0.18348085674600098, 0.9199903493663283, 0.570119588307709, 0.25639334689736043, 0.24254898154029755, 0.6973172824343965], "behavior": [0, 0, 0, 1, 0], "review_text": "Amazing UI."}