{"logs": [2.198032122915719, 2.0799341150392556, 3.0108081772608295, 2.5003538871282136, 2.1308258296921867, 1.7169696230073621, 1.7848267704993237, 1.9536678501897753, 2.6090149425585203, 2.921208962803923], "behavior": [2, 1, 2, 2, 2], "review_text": "It's a solid app, but it crashed once when I was trying to upload a large file earlier today."}