{"logs": [0.32157704432991163, 0.3374978021129449, 0.5870399849903216, 0.4903347534299892, 0.7149704938611711, 0.13858098964092286, 0.22156757604937435, 0.4069716258824574, 0.6175213063438412, 0.7911653498262361], "behavior": [0, 0, 0, 1, 0], "review_text": "The performance is rock solid. I haven't experienced a single lag spike since I started using it last week."}