{"logs": [2.8619637998887937, 3.4871784903303933, 2.200303914357161, 3.4316323591773665, 3.0533751632793957, 2.6339530809701652, 2.295073685622822, 2.7247447344756788, 2.6323551557882094, 2.1603883849566974], "behavior": [0, 1, 0, 1, 0], "review_text": "The app is okay, but I've seen better designs elsewhere. It's functional but lacks that 'wow' factor."}