{"logs": [0.7557139406469758, 0.2914373369649802, 0.13718061365642914, 0.31957355120825626, 0.6668775560188567, 0.8927033158227515, 0.6325324040207522, 0.6945045646473685, 0.8848332125118671, 0.4399726031151586], "behavior": [0, 0, 0, 0, 0], "review_text": "Brilliant execution on the user interface; it's very accessible and everything is exactly where it should be."}