{"logs": [1.989636281685374, 3.3900773898950973, 2.714099271648291, 2.9242135423588005, 2.621448835887805, 1.7219876363512758, 3.017331742763454, 3.222175196104481, 3.1879940874144443, 2.9876355269733588], "behavior": [2, 1, 1, 1, 2], "review_text": "The recent update fixed some bugs, but it also introduced a bit of lag that wasn't there before."}