{"logs": [2.42317696395863, 3.161461107805463, 1.60287520235043, 2.813677050899245, 2.1766000566925126, 3.415537058418785, 2.1169139651206144, 1.915846844433413, 2.48040239240387, 2.893832068292165], "behavior": [1, 1, 1, 0, 1], "review_text": "A few glitches but works."}