{"logs": [0.4949321707770712, 0.21221466334789685, 0.9225731990922105, 0.2953293866879683, 0.22678023372575748, 0.42717387909611826, 0.3578166457087647, 0.8813034799447805, 0.218032219452944, 0.6838237953584676], "behavior": [0, 0, 0, 1, 0], "review_text": "I'm really impressed with the latest update, the navigation feels much smoother than the previous version."}