{"logs": [6.584448797799839, 4.690768815968731, 5.128000037848048, 5.397958682245085, 6.2868980801491325, 5.683779754380658, 4.1999337282052736, 5.731413664398802, 4.272984129683521, 6.47370152644633], "behavior": [5, 5, 7, 3, 4], "review_text": "Worst app ever."}