{"logs": [0.12082195615204705, 0.5571645354034492, 0.23897431426141796, 0.45749174092734435, 0.2474949233241303, 0.8768792074741134, 0.28687760537566853, 0.7090823161710353, 0.6058724926503642, 0.5686434190564604], "behavior": [0, 0, 0, 0, 0], "review_text": "I love how the app anticipates what I need next; the predictive features are actually helpful for once."}