{"logs": [2.310416392632397, 3.3578589604366345, 1.6278386489087446, 2.543798994858726, 2.4529186336290385, 2.237138973668076, 1.962860831224016, 3.045839308571337, 2.2579690430816264, 1.638637773799661], "behavior": [2, 2, 2, 0, 2], "review_text": "It gets the job done, though I noticed some minor stuttering when scrolling through long lists."}