{"logs": [6.1162892684307755, 4.509616881081716, 5.29796680019432, 6.138466318164534, 6.533594576865058, 5.042299245708496, 6.359395582737543, 4.7072981189074365, 5.003213841690957, 5.818981894146936], "behavior": [5, 4, 7, 5, 5], "review_text": "I'm tired of the 'Something went wrong' errors. Why can't this app just maintain a stable connection?"}