{"logs": [3.12394247836649, 2.0817445586475696, 3.2715849512003725, 3.236870819654021, 2.078118452737974, 1.6705218493395197, 2.371662695142802, 2.101247454612272, 3.278078070225037, 2.1028165577362783], "behavior": [1, 1, 2, 1, 0], "review_text": "It gets the job done, though I noticed some minor stuttering when scrolling through long lists."}