{"logs": [6.5836375471394355, 5.178211058232545, 5.546367483114906, 5.998756707464068, 5.4307831573379755, 4.099771894362635, 6.811653875087863, 6.6592362373442215, 5.758625143875797, 6.439566022285659], "behavior": [8, 7, 7, 7, 4], "review_text": "Avoid this app at all costs. It's slow, bloated, and crashes at least three times every hour."}