{"logs": [2.2489400588296338, 2.682017624034189, 1.5646319951660739, 1.8949269678904483, 2.6052363016723215, 2.899840281640727, 3.306256108190463, 2.527879348927586, 3.370408897794327, 1.6308858791011933], "behavior": [2, 0, 0, 0, 2], "review_text": "It's a solid app, but it crashed once when I was trying to upload a large file earlier today."}