{"logs": [6.817754217328378, 4.702513939693914, 4.483398021164091, 4.851126301544587, 5.607864534585924, 6.337365635572942, 5.479467120770586, 5.2913268521229275, 5.551437821289408, 6.4275890426585836], "behavior": [5, 3, 3, 4, 4], "review_text": "I'm tired of the 'Something went wrong' errors. Why can't this app just maintain a stable connection?"}