{"logs": [6.73836769801374, 4.073654770810703, 5.903482939396572, 6.113403039718519, 6.405283343259475, 5.27487002072967, 4.467087679206908, 6.498328644409709, 6.286813408034019, 4.3174211125742055], "behavior": [4, 8, 7, 4, 5], "review_text": "The UI is a disaster. I can't find anything and the constant loading spinners are driving me crazy."}