{"logs": [1.7077668934629922, 2.234730180433799, 2.1787025137477825, 2.7565903877903297, 2.2676727997194988, 2.928247842554003, 2.958377564784975, 3.047150883251789, 2.889537229359096, 2.002479051611374], "behavior": [2, 0, 2, 2, 0], "review_text": "A decent effort, but I feel like some of the advanced features are hidden too deep in the settings."}