{"logs": [4.340234853750714, 5.739911479953264, 5.14738079146221, 4.686614188830633, 4.283405666966401, 4.4487276612493805, 5.34873472019633, 6.090866377642361, 6.8760965215931815, 4.059350399419434], "behavior": [3, 6, 3, 7, 5], "review_text": "The navigation is a labyrinth. I spent ten minutes just trying to find the settings page. Terrible UX."}