{"logs": [4.826192341864268, 6.8097648195593985, 5.880089598495251, 4.198545818939368, 4.059273590804408, 4.219467796402841, 5.114371447567313, 4.605949285631199, 6.23328802435058, 5.535064887027531], "behavior": [6, 5, 3, 3, 3], "review_text": "This is unusable! The lag is so bad that it takes five seconds just to register a single button press."}