{"logs": [4.910507276701174, 5.529473687059108, 6.57801977201416, 6.760346700387257, 6.717130927383707, 5.805099626038569, 5.903605746363532, 4.411391610430472, 4.6210542238880565, 5.590718620847269], "behavior": [4, 6, 8, 5, 7], "review_text": "Too slow!"}