{"logs": [2.904156884405139, 2.486131880712761, 1.7973032460620653, 1.9622186652973572, 1.9020545542744123, 2.6486115701235735, 2.031055688076033, 2.6431006224904436, 2.53383298599932, 1.6524939132635903], "behavior": [2, 1, 1, 0, 0], "review_text": "It's useful for what I need, but the navigation feels a little dated compared to other modern apps."}