{"logs": [0.9381381497296335, 0.3244018360795593, 0.37685010961535303, 0.4726359460025481, 0.19120933501514226, 0.31578952036452357, 0.4597585077914842, 0.555462836897535, 0.7934677194762395, 0.37598742062247803], "behavior": [0, 0, 0, 1, 0], "review_text": "The haptic feedback and loading animations make the whole experience feel premium and high-end."}