{"logs": [0.6937659776123373, 0.28424635261910114, 0.4589944615559922, 0.4260049909553517, 0.6209569837686488, 0.3901701728372282, 0.5594236467467236, 0.38539606409861193, 0.6548589047402174, 0.6798471472068063], "behavior": [0, 0, 0, 1, 0], "review_text": "Very fast."}