{"logs": [0.6805219332945632, 0.9332159119039225, 0.6639355725416726, 0.5354896499746604, 0.7864565613022751, 0.6341009919862326, 0.3773052420497812, 0.3557971266598591, 0.7444622625524157, 0.5138265154276185], "behavior": [0, 0, 0, 1, 0], "review_text": "Smooth as butter!"}