{"logs": [0.9870190637643755, 0.1993964210906784, 0.28203568038659277, 0.2770879281419097, 0.862145310720671, 0.8153204802365558, 0.19215785352834303, 0.6885998943951266, 0.4322862375843993, 0.39104174153167515], "behavior": [0, 0, 0, 0, 0], "review_text": "Brilliant execution on the user interface; it's very accessible and everything is exactly where it should be."}