{"logs": [0.6781510298848563, 0.1797259982554865, 0.12440424860780305, 0.7337466581293326, 0.6666720206654916, 0.8634842960922505, 0.8154656181758874, 0.5241942231968534, 0.3364808806734241, 0.9347543166770728], "behavior": [0, 0, 0, 0, 0], "review_text": "The integration with my other services is seamless. I didn't hit a single roadblock during the setup phase."}