{"logs": [2.9742313674262104, 3.0977710442570503, 3.247822261194725, 2.2518539830794446, 2.1668591544557696, 1.7902127996182926, 2.0237297476480602, 3.3598209654312834, 2.292061303497033, 2.699125450624054], "behavior": [0, 1, 1, 0, 2], "review_text": "It gets the job done, though I noticed some minor stuttering when scrolling through long lists."}