{"logs": [1.997846780019588, 1.8356013034318952, 2.3016334165410295, 3.0087647973427725, 2.486458561216311, 1.8550106353363511, 2.974413041128569, 2.506941656126691, 1.878571268175255, 2.7729646862305524], "behavior": [1, 2, 2, 2, 2], "review_text": "Good app overall, but the notification system is a bit overwhelming and hard to customize."}