{"logs": [2.3733389885279994, 3.333479787549372, 1.7347396959609678, 2.2911334295931716, 3.491214252491943, 3.2917511852657846, 1.6504016108808421, 2.025919795078944, 1.7824292442570933, 3.425644725722694], "behavior": [0, 1, 0, 0, 2], "review_text": "Good app overall, but the notification system is a bit overwhelming and hard to customize."}