{"logs": [0.4862567054750798, 0.8124311699614064, 0.3336465934756423, 0.5108585699788852, 0.8136008139111202, 0.4572617756374677, 0.8296703850571111, 0.2294427210041388, 0.16931447113281123, 0.8097876077773761], "behavior": [0, 0, 0, 1, 0], "review_text": "Smooth as butter!"}