{"logs": [0.36832762564068267, 0.1667837622422118, 0.25600553361935485, 0.5331447249858743, 0.6619279829535286, 0.1617328260728198, 0.1373844630813335, 0.336562347457413, 0.7668047912353857, 0.4403540033081189], "behavior": [0, 0, 0, 1, 0], "review_text": "The integration with my other services is seamless. I didn't hit a single roadblock during the setup phase."}