{"logs": [1.6862811189374567, 3.251060697510817, 2.453206121795168, 3.307217328203153, 2.1814947805648526, 1.967560929826591, 3.304985912394982, 1.8111322443498528, 2.684786223856835, 2.006053761516238], "behavior": [2, 0, 0, 0, 1], "review_text": "The app performs okay most of the time, though it occasionally feels a bit sluggish under heavy use."}