{"logs": [1.9415770609529615, 2.6664820458237064, 2.4496556063513326, 3.1424563015526874, 1.5846489454520396, 2.501270336175481, 1.609429655990771, 2.351865301254675, 2.9769508338288864, 2.539634092222074], "behavior": [1, 1, 1, 2, 0], "review_text": "The app is okay, but I've seen better designs elsewhere. It's functional but lacks that 'wow' factor."}