{"logs": [0.7451225998612548, 0.426377427432873, 0.737325007724229, 0.46443390895336956, 0.31937176514566334, 0.31165498580097606, 0.7067485805020031, 0.11141376845528474, 0.8580170905527237, 0.32937499625066247], "behavior": [0, 0, 0, 0, 0], "review_text": "Amazing UI."}