{"logs": [1.652946799197984, 2.2644008481543643, 2.275024013403897, 2.5000303414675313, 3.1490489836036533, 3.475611589003086, 1.9077023600598468, 2.26050003537663, 1.7272382382010196, 1.8955193940034163], "behavior": [2, 2, 2, 1, 1], "review_text": "Average."}