{"logs": [1.550140305140268, 1.8472278591847568, 2.9837619758821727, 2.681630951739055, 1.5158617739870128, 1.8538126368944927, 1.6974129478520124, 2.703216796717048, 2.114209060445089, 2.5359757755182564], "behavior": [2, 1, 1, 2, 1], "review_text": "It's useful for what I need, but the navigation feels a little dated compared to other modern apps."}