{"logs": [0.8858472093643299, 0.533042549284048, 0.7083049491402046, 0.11772208038047008, 0.9920007010255827, 0.35619879545338273, 0.32249418179108114, 0.21881323687463522, 0.7103263576859602, 0.9082928594455841], "behavior": [0, 0, 0, 1, 0], "review_text": "Super satisfied with the speed of this tool. It saves me at least twenty minutes of work every single day."}