{"logs": [0.7359699323830347, 0.8411193997658148, 0.3266728884025105, 0.9861076728951667, 0.6653686409756551, 0.3917587811834735, 0.7369613812215333, 0.5553820649899556, 0.5071505000993615, 0.8230046612073685], "behavior": [0, 0, 0, 0, 0], "review_text": "Finally an app that doesn't drain my battery while providing such a smooth and responsive interface!"}