{"logs": [3.098527868898302, 3.457732777448856, 2.2747679383824986, 2.317349394253882, 1.8409224926793857, 3.3724655909393944, 2.7082976207124037, 2.4056568177350295, 3.221257640845158, 2.692692841503521], "behavior": [0, 0, 0, 2, 1], "review_text": "A decent effort, but I feel like some of the advanced features are hidden too deep in the settings."}