{"logs": [0.44215873233261205, 0.5124069858423301, 0.7912774529056784, 0.2320649058265023, 0.11648679465648011, 0.9125402543380869, 0.19336321454329308, 0.3954647031725874, 0.4678250330444551, 0.33343145794659884], "behavior": [0, 0, 0, 0, 0], "review_text": "Great job on the new checkout flow, it's much faster now and doesn't require unnecessary clicks."}