{"logs": [2.9390993743192784, 3.487895579410096, 3.2893641062705394, 2.8350584799209946, 1.7795331072907659, 2.710654091726897, 1.873102392519041, 2.8349917214094047, 2.4973155830540232, 3.490928227014029], "behavior": [0, 2, 2, 0, 0], "review_text": "A few glitches but works."}