{"logs": [1.9279904884553565, 2.383382857875768, 1.5116533886828998, 3.4326717085412244, 3.1073368721398795, 2.0685305983314874, 3.0278399990861, 1.823100638078716, 1.8704389189068307, 2.8450793938334336], "behavior": [1, 0, 2, 2, 0], "review_text": "The app is decent for basic use, but I find the menu layout a bit confusing at times."}