{"logs": [2.2181897100169827, 1.8812724654027644, 3.366967157819822, 1.8675704903647954, 1.8245942382950413, 2.715603333585273, 1.5099141690146816, 2.902627582643193, 2.3531371337897298, 2.0479047244705653], "behavior": [2, 2, 1, 1, 2], "review_text": "It's useful for what I need, but the navigation feels a little dated compared to other modern apps."}