{"logs": [4.8842074227149945, 6.9417469724711784, 6.62325780675571, 4.902440825463433, 5.434835483328113, 6.370727935639317, 4.136381171048029, 5.162768299403608, 6.534233435343831, 6.517781046821273], "behavior": [5, 3, 3, 5, 8], "review_text": "I hate how complicated they made the login process. It's like they want to make it hard for users to get in."}