{"logs": [5.67111236075311, 5.360880651716959, 4.951396812857507, 5.31844902332994, 5.264045396193996, 4.558813678035186, 4.219548625042552, 6.608938707473655, 4.014321750412723, 5.850263079247302], "behavior": [6, 4, 3, 7, 3], "review_text": "Too slow!"}