{"logs": [0.9099520103974558, 0.6335480534391709, 0.313256991734719, 0.7969570318018808, 0.4200563749265782, 0.9956798924218172, 0.7176520861244209, 0.5335195998338086, 0.5105985871824301, 0.4256704136720141], "behavior": [0, 0, 0, 1, 0], "review_text": "Very fast."}