{"logs": [5.634590833818281, 6.7528274211357076, 4.472244491167104, 6.085196590563736, 4.465628774269186, 5.270617687978632, 4.529012886221006, 6.784332282609213, 4.50600493775201, 6.777655161566716], "behavior": [6, 6, 3, 7, 8], "review_text": "I've lost my data twice now because the app closed unexpectedly. I would not recommend this to anyone."}