{"logs": [5.418661964309343, 4.052662515404455, 5.464668172986295, 5.1509192059911175, 6.646075775802162, 5.794516022380781, 5.839131300295932, 4.614752979852956, 6.475142791218899, 4.731973895672301], "behavior": [3, 7, 7, 3, 7], "review_text": "Nothing works! I've tried reinstalling three times but the crashing issue still persists on the home screen."}