{"logs": [5.582480894281673, 4.472328060067396, 6.586471582630087, 6.02519012524267, 4.90020559133939, 5.006832740837252, 4.992480732827195, 4.689816121496222, 5.572919188522116, 6.6117513816326206], "behavior": [8, 3, 5, 7, 6], "review_text": "The UI is a disaster. I can't find anything and the constant loading spinners are driving me crazy."}