{"logs": [0.32931477696896155, 0.34402875614176137, 0.7080499569297616, 0.29404630916523156, 0.40959037293434375, 0.8135964415776802, 0.17848668463451117, 0.20615639400537994, 0.5729092550664067, 0.35623030791391497], "behavior": [0, 0, 0, 0, 0], "review_text": "Amazing UI."}