{"logs": [5.30380053021286, 4.5460582513829335, 5.533117297869554, 6.749639391309011, 4.736561240532263, 6.781487411329024, 5.4771453461445905, 6.108541011827113, 5.6530129457461324, 4.769834274700975], "behavior": [5, 7, 3, 6, 5], "review_text": "I'm tired of the 'Something went wrong' errors. Why can't this app just maintain a stable connection?"}