{"logs": [3.259540105079749, 2.4050510595006895, 2.997045041557527, 2.140251744632949, 2.834388461155518, 2.711997956254261, 2.9390880755871613, 1.6849404654109004, 1.6098988528248899, 1.8567369806481084], "behavior": [0, 1, 0, 1, 0], "review_text": "It's okay."}