{"logs": [3.4715767440836487, 2.5938657431158294, 1.8288048129651722, 3.3709381767314444, 2.2667115240786866, 2.5635862026934415, 3.29543559836537, 1.7267120385962447, 2.755422941762557, 2.5145605079194144], "behavior": [2, 0, 0, 2, 1], "review_text": "I have mixed feelings; the core functionality is great but the secondary features feel half-baked."}