{"logs": [6.406296270291165, 4.196315471248898, 4.765602912975435, 6.7423877798175464, 5.100439864458674, 4.533098519268316, 5.029832879249702, 4.514204697612868, 6.005086677876337, 6.971929235698789], "behavior": [4, 6, 6, 8, 3], "review_text": "This is unusable! The lag is so bad that it takes five seconds just to register a single button press."}