{"logs": [2.133628088651304, 1.6573813672076418, 3.434166007325233, 1.6001131764870822, 3.269974123707377, 2.8269567237426534, 2.182785346593156, 1.8434085335639603, 3.3447949922363867, 2.0265772504895265], "behavior": [0, 0, 1, 2, 0], "review_text": "It's fine for occasional use, but I wouldn't rely on it for anything mission-critical just yet."}