{"logs": [0.49770570708179207, 0.43982753621566506, 0.26724473154872713, 0.1674789166688026, 0.8035842823093671, 0.831848104504258, 0.14892883654980454, 0.1714864890463709, 0.35364680075961297, 0.4006747942630148], "behavior": [0, 0, 0, 0, 0], "review_text": "Super satisfied with the speed of this tool. It saves me at least twenty minutes of work every single day."}