{"logs": [0.8988141487747576, 0.584173634005207, 0.24013188374724706, 0.274452253013903, 0.38093915851127846, 0.7452421881814806, 0.5224755628772416, 0.6336887482078055, 0.9430914344398006, 0.13738354769974956], "behavior": [0, 0, 0, 0, 0], "review_text": "The haptic feedback and loading animations make the whole experience feel premium and high-end."}