{"logs": [1.8762171284286335, 2.8139722343120965, 2.7822410080676225, 3.2585123394030466, 3.0994340520251145, 2.851900386313821, 2.627506599069266, 1.7207488763314416, 3.3996543859979234, 2.637839049574734], "behavior": [2, 0, 2, 1, 2], "review_text": "The interface is fine, but some of the buttons are a bit too small for easy tapping on my device."}