{"logs": [0.3611098142686411, 0.9411012636817341, 0.5693087182718899, 0.6803214918909642, 0.10551335471796665, 0.7637772742978234, 0.28123738212558014, 0.9224334734000559, 0.3311781131761832, 0.49456726004329155], "behavior": [0, 0, 0, 1, 0], "review_text": "Very fast."}