{"logs": [0.6592803484624943, 0.24372004256485563, 0.6269734135744958, 0.8908661645097392, 0.4550182006101303, 0.8727216525948723, 0.6166012332519298, 0.6690190707823426, 0.11025812256878569, 0.2475658200285195], "behavior": [0, 0, 0, 0, 0], "review_text": "Very fast."}