{"logs": [0.5328398149678778, 0.4952885493377641, 0.9697171931130814, 0.8061831860651762, 0.939761485370499, 0.18322088150117968, 0.5467262453860975, 0.7972305725005423, 0.5233123421453169, 0.18948099315522393], "behavior": [0, 0, 0, 0, 0], "review_text": "The integration with my other services is seamless. I didn't hit a single roadblock during the setup phase."}