{"logs": [0.35285039668629226, 0.5222650885533969, 0.21894578141425775, 0.8760569405046635, 0.4923462845735579, 0.9154396669970108, 0.20690017379192616, 0.24642935553672082, 0.8771390700519666, 0.8951572557214189], "behavior": [0, 0, 0, 0, 0], "review_text": "Smooth as butter!"}