{"logs": [4.993320604059498, 6.316425816145168, 5.4768805100563425, 6.756422137020478, 6.171630004207123, 6.844622054883635, 5.14038847425861, 6.089806425827658, 5.802498126208931, 6.4223092873524905], "behavior": [3, 7, 7, 3, 6], "review_text": "It keeps crashing!"}