{"logs": [0.18530234624549236, 0.9311806782211381, 0.5661681067433065, 0.23907246557784612, 0.7193757084252507, 0.9682209195425613, 0.9965516766258269, 0.3830283289933518, 0.9385375722847009, 0.774855288473952], "behavior": [0, 0, 0, 0, 0], "review_text": "Brilliant execution on the user interface; it's very accessible and everything is exactly where it should be."}