{"logs": [3.16793759051025, 2.37323462961651, 2.590646709862222, 3.4017308061173677, 3.2553494202603392, 2.726887460738698, 3.1285719140192327, 3.4400673886395907, 2.5716067909608915, 2.4481156767759793], "behavior": [0, 2, 1, 0, 0], "review_text": "It gets the job done, though I noticed some minor stuttering when scrolling through long lists."}