{"logs": [4.55717523374224, 4.734174748428064, 5.229573451355771, 6.087985214218953, 4.822738374233363, 4.796696192797184, 6.340398107397035, 6.2033445909127956, 5.153351605220926, 6.095740324424122], "behavior": [5, 5, 7, 8, 5], "review_text": "It keeps crashing!"}