{"logs": [1.9613476710840436, 1.9917735040527291, 1.7456508087622817, 1.956862043086499, 2.926257027970129, 2.6282839613508164, 2.03949431285077, 2.7101488613389035, 2.7698252300500723, 2.54383602924744], "behavior": [0, 1, 2, 2, 0], "review_text": "The app is okay, but I've seen better designs elsewhere. It's functional but lacks that 'wow' factor."}