{"logs": [6.8044024835697385, 4.410501850697032, 6.681827716062522, 6.869204906532301, 6.499586674230826, 4.365791618977124, 4.151466926489926, 4.8659120949046635, 6.8903519352399885, 4.048239048010875], "behavior": [7, 4, 5, 5, 8], "review_text": "I am extremely disappointed. The app keeps crashing every time I try to open the main dashboard."}